date,start_time,duration_min,sport_id,sport_name,distance_km,calories,hr_avg,hr_max,cardio_load,muscle_load,perceived_load,recovery_time_hours
2019-04-24,2019-04-24T06:38:35,87.0,3,Walking,3.36160009765625,517,108,138,49.104,-1.0,,5.55
2019-04-27,2019-04-27T09:27:39,503.3958333333333,3,Walking,17.00230078125,2473,111,168,218.752,-1.0,,26.833333333333332
2019-05-02,2019-05-02T19:21:24,101.72083333333333,1,Running,9.1477001953125,861,126,156,91.7227,-1.0,,12.5
2019-05-05,2019-05-05T23:55:35,14.097916666666666,3,Walking,0.008100000381469727,17,60,72,0.368315,-1.0,,0.016666666666666666
2019-05-06,2019-05-06T08:45:37,44.139583333333334,3,Walking,0.1991999969482422,64,67,108,3.24892,-1.0,,0.05
2019-05-09,2019-05-09T19:50:44,65.88125,1,Running,4.1112998046875,483,116,137,42.2875,-1.0,,5.183333333333334
2019-05-13,2019-05-13T20:19:25,128.30208333333334,1,Running,9.6,1149,129,162,119.454,-1.0,,17.533333333333335
2019-05-16,2019-05-16T19:41:30,109.09583333333333,1,Running,5.5872001953125,762,113,134,66.6574,-1.0,,8.083333333333334
2019-05-20,2019-05-20T20:14:28,117.49791666666667,1,Running,9.4395,1063,130,155,113.547,-1.0,,16.55
2019-05-26,2019-05-26T08:25:38,266.25208333333336,1,Running,0.695,414,116,137,,-1.0,,1.6166666666666667
2019-05-27,2019-05-27T20:09:54,128.17916666666667,1,Running,8.440900390625,896,126,149,88.0194,-1.0,,12.15
2019-05-28,2019-05-28T23:52:37,18.229166666666668,3,Walking,0.05470000076293945,25,58,106,0.470284,-1.0,,0.016666666666666666
2019-05-30,2019-05-30T19:08:02,186.08333333333334,1,Running,10.735900390625,1175,108,149,103.884,-1.0,,12.466666666666667
2019-07-06,2019-07-06T00:27:25,15.96875,3,Walking,0.014100000381469727,23,59,113,0.557964,-1.0,,0.03333333333333333
2019-07-06,2019-07-06T10:11:44,136.90416666666667,1,Running,1.3,355,107,136,,-1.0,,1.1333333333333333
2019-07-08,2019-07-08T10:10:04,24.008333333333333,12,Swimming,0.0,29,66,83,1.41308,-1.0,,0.016666666666666666
2019-07-09,2019-07-09T09:39:16,15.78125,12,Swimming,0.0,20,67,129,1.13602,-1.0,,0.016666666666666666
2019-07-11,2019-07-11T19:03:31,141.70833333333334,1,Running,10.250400390625,1162,123,163,113.799,-1.0,,15.983333333333333
2019-07-13,2019-07-13T10:15:46,131.29375,1,Running,9.107,977,132,148,101.237,-1.0,,13.95
2019-07-15,2019-07-15T20:22:46,101.25208333333333,1,Running,7.795,912,129,155,94.2048,-1.0,,13.416666666666666
2019-07-18,2019-07-18T19:01:55,123.79166666666667,1,Running,7.9202001953125,991,120,139,89.6835,-1.0,,12.216666666666667
2019-08-01,2019-08-01T08:51:55,41.68541666666667,1,Running,3.169199951171875,369,128,157,40.2043,-1.0,,5.0
2019-08-01,2019-08-01T19:21:09,110.63541666666667,1,Running,7.50410009765625,869,120,153,81.6562,-1.0,,10.766666666666667
2019-08-26,2019-08-26T20:07:12,124.325,1,Running,9.8682998046875,1083,127,158,110.987,-1.0,,15.9
2019-08-29,2019-08-29T18:57:23,127.22083333333333,1,Running,9.126,1108,127,153,112.547,-1.0,,16.316666666666666
2019-09-07,2019-09-07T05:30:16,35.00208333333333,1,Running,5.46689990234375,422,160,182,69.5452,-1.0,,9.4
2019-09-16,2019-09-16T20:09:23,116.16666666666667,1,Running,6.65460009765625,801,121,145,77.4892,-1.0,,9.816666666666666
2019-10-05,2019-10-05T21:21:17,9.860416666666667,83,Yoga,0.0,15,67,87,0.669512,-1.0,,0.016666666666666666
2019-11-18,2019-11-18T20:23:35,104.11458333333333,1,Running,8.290900390625,1011,135,161,114.796,-1.0,,16.983333333333334
2019-12-03,2019-12-03T07:56:20,20.552083333333332,2,Cycling,0.0,215,153,211,43.0031,-1.0,,4.55
2019-12-03,2019-12-03T08:17:03,28.054166666666667,1,Running,3.255300048828125,338,157,193,66.1705,-1.0,,10.05
2019-12-17,2019-12-17T18:31:25,88.68125,83,Yoga,0.0,694,120,174,69.9151,-1.0,,8.666666666666666
2019-12-19,2019-12-19T07:39:39,72.98541666666667,15,Other indoor,0.0,564,117,148,49.3169,-1.0,,6.516666666666667
2019-12-20,2019-12-20T08:41:31,113.27291666666666,15,Other indoor,0.0,725,108,143,58.7067,-1.0,,6.866666666666666
2019-12-23,2019-12-23T08:30:50,89.27083333333333,15,Other indoor,0.0,505,116,161,45.2904,-1.0,,5.05
2019-12-30,2019-12-30T20:02:21,129.72083333333333,15,Other indoor,0.0,834,115,144,71.296,-1.0,,9.75
2020-01-02,2020-01-02T19:19:44,116.74583333333334,15,Other indoor,0.0,377,111,142,,-1.0,,3.2
2020-01-03,2020-01-03T14:39:39,107.11458333333333,15,Other indoor,0.0,619,106,172,53.0197,-1.0,,5.65
2020-01-06,2020-01-06T12:33:17,161.15416666666667,15,Other indoor,0.0,951,106,138,78.356,-1.0,,8.883333333333333
2020-01-09,2020-01-09T10:50:26,117.55625,15,Other indoor,0.0,804,111,138,67.2081,-1.0,,8.816666666666666
2020-01-14,2020-01-14T10:14:39,72.0125,15,Other indoor,0.0,578,121,150,56.4128,-1.0,,7.716666666666667
2020-01-15,2020-01-15T09:34:11,108.96875,15,Other indoor,0.0,802,114,148,67.6199,-1.0,,9.183333333333334
2020-01-16,2020-01-16T09:40:14,75.925,15,Other indoor,0.0,663,127,153,67.82,-1.0,,10.1
2020-01-21,2020-01-21T20:13:24,88.54583333333333,15,Other indoor,0.0,667,117,152,61.0602,-1.0,,8.366666666666667
2020-01-23,2020-01-23T20:26:59,79.53333333333333,15,Other indoor,0.0,619,119,155,59.3824,-1.0,,8.083333333333334
2020-01-29,2020-01-29T09:32:26,120.78125,15,Other indoor,0.0,621,104,142,51.9021,-1.0,,4.95
2020-02-03,2020-02-03T14:16:17,51.05625,12,Swimming,0.0,419,122,133,39.7737,-1.0,,5.0
2020-02-11,2020-02-11T20:11:48,113.38958333333333,15,Other indoor,0.0,697,107,136,57.1957,-1.0,,6.466666666666667
2020-02-12,2020-02-12T20:36:07,90.85833333333333,15,Other indoor,0.0,679,116,155,62.3373,-1.0,,8.233333333333333
2020-02-13,2020-02-13T10:12:16,59.422916666666666,1,Running,6.57460009765625,612,142,171,81.1931,-1.0,,10.766666666666667
2020-02-17,2020-02-17T10:03:16,129.94583333333333,15,Other indoor,0.0,708,107,141,60.4051,-1.0,,7.666666666666667
2020-02-19,2020-02-19T10:59:14,117.80833333333334,15,Other indoor,0.0,771,112,140,66.4518,-1.0,,8.433333333333334
2020-02-21,2020-02-21T06:36:40,67.08125,1,Running,7.33610009765625,653,138,165,86.9157,-1.0,,11.333333333333334
2020-02-24,2020-02-24T09:59:31,148.36666666666667,15,Other indoor,0.0,715,99,154,60.8465,-1.0,,5.466666666666667
2020-03-04,2020-03-04T21:10:52,61.96458333333333,1,Running,6.33789990234375,597,136,168,76.2482,-1.0,,9.666666666666666
2020-03-05,2020-03-05T10:43:58,91.8875,15,Other indoor,0.0,491,103,144,39.073,-1.0,,3.65
2020-03-12,2020-03-12T19:21:28,96.6125,1,Running,6.84389990234375,741,118,151,67.4325,-1.0,,8.9
2020-03-23,2020-03-23T20:26:45,84.75416666666666,83,Yoga,0.0,428,116,147,32.0704,-1.0,,2.7333333333333334
2020-03-25,2020-03-25T19:43:09,255.79583333333332,83,Yoga,0.0,497,72,135,33.5442,-1.0,,0.3333333333333333
2020-04-27,2020-04-27T19:29:29,108.24166666666666,15,Other indoor,0.0,708,109,141,55.9413,-1.0,,6.85
2020-05-02,2020-05-02T19:24:19,186.65833333333333,15,Other indoor,0.0,1186,109,135,98.9742,-1.0,,12.666666666666666
2020-05-07,2020-05-07T19:17:50,138.775,83,Yoga,0.0,985,115,154,93.4304,-1.0,,11.666666666666666
2020-05-11,2020-05-11T19:09:07,118.49375,83,Yoga,0.0,895,117,154,82.7241,-1.0,,10.65
2020-05-18,2020-05-18T18:54:13,124.50833333333334,83,Yoga,0.0,891,115,141,80.659,-1.0,,10.016666666666667
2020-05-21,2020-05-21T12:37:23,119.29791666666667,83,Yoga,0.0,926,121,157,93.1416,-1.0,,12.15
2020-05-23,2020-05-23T19:16:36,105.36875,83,Yoga,0.0,815,119,145,76.4195,-1.0,,9.9
2020-05-31,2020-05-31T10:46:53,135.91666666666666,3,Walking,6.162,973,118,155,98.1493,-1.0,,12.483333333333333
2020-06-03,2020-06-03T09:54:13,33.452083333333334,1,Running,5.4122001953125,422,160,171,68.0377,-1.0,,9.066666666666666
2020-06-04,2020-06-04T19:22:39,75.98541666666667,83,Yoga,0.0,425,120,156,39.8367,-1.0,,3.85
2020-06-06,2020-06-06T10:43:43,30.735416666666666,19,Road running,5.0942998046875,405,165,181,68.9701,-1.0,,9.9
2020-06-06,2020-06-06T19:12:55,101.22916666666667,83,Yoga,0.0,764,117,155,71.5378,-1.0,,9.083333333333334
2020-06-07,2020-06-07T08:19:15,98.58958333333334,64,Body & Mind,0.0,297,88,116,24.7611,-1.0,,0.4
2020-06-07,2020-06-07T10:39:19,33.19166666666667,3,Walking,2.054800048828125,274,123,148,26.6311,-1.0,,3.183333333333333
2020-06-10,2020-06-10T07:00:57,214.96041666666667,1,Running,16.68169921875,2041,134,168,236.366,-1.0,,51.68333333333333
2020-06-14,2020-06-14T11:01:06,173.10416666666666,3,Walking,9.3692001953125,877,102,134,74.9516,-1.0,,7.333333333333333
2020-06-15,2020-06-15T19:36:13,110.9875,83,Yoga,0.0,248,84,112,22.8032,-1.0,,0.23333333333333334
2020-06-17,2020-06-17T11:33:15,28.55625,18,Indoor cycling,0.0,196,111,148,16.4117,-1.0,,1.6333333333333333
2020-06-20,2020-06-20T19:16:36,63.458333333333336,83,Yoga,0.0,478,117,151,45.4737,-1.0,,5.433333333333334
2020-06-22,2020-06-22T10:28:51,30.0,19,Road running,4.87789990234375,330,146,159,43.6803,-1.0,,5.466666666666667
2020-06-25,2020-06-25T12:06:58,37.916666666666664,18,Indoor cycling,0.0,312,125,171,34.7235,-1.0,,4.0
2020-06-26,2020-06-26T10:17:44,30.00625,19,Road running,5.3147001953125,395,165,175,68.0297,-1.0,,9.483333333333333
2020-06-28,2020-06-28T08:23:09,55.079166666666666,83,Yoga,0.0,303,106,140,28.1251,-1.0,,2.566666666666667
2020-06-28,2020-06-28T12:09:38,92.03125,3,Walking,4.24389990234375,452,104,140,42.0829,-1.0,,4.016666666666667
2020-07-02,2020-07-02T08:02:02,30.322916666666668,1,Running,4.4572998046875,348,150,171,50.1394,-1.0,,6.033333333333333
2020-07-03,2020-07-03T18:22:50,50.00416666666667,3,Walking,3.929699951171875,379,117,127,32.2615,-1.0,,3.9
2020-07-03,2020-07-03T11:37:45,20.4625,1,Running,3.52539990234375,248,157,176,40.2077,-1.0,,4.366666666666666
2020-07-18,2020-07-18T19:06:35,105.7125,83,Yoga,0.0,516,101,125,43.6406,-1.0,,3.75
2020-07-19,2020-07-19T12:22:32,109.93541666666667,3,Walking,6.1347998046875,806,117,140,76.0307,-1.0,,9.65
2020-07-21,2020-07-21T18:13:22,108.56875,83,Yoga,0.0,638,106,133,52.2598,-1.0,,5.5
2020-07-26,2020-07-26T08:16:56,97.06666666666666,83,Yoga,0.0,336,90,122,26.8504,-1.0,,1.3333333333333333
2020-07-29,2020-07-29T13:12:21,32.55625,18,Indoor cycling,0.0,264,125,174,29.3859,-1.0,,3.466666666666667
2020-07-30,2020-07-30T12:48:56,85.28333333333333,12,Swimming,0.0,783,129,143,78.5082,-1.0,,11.2
2020-07-31,2020-07-31T13:06:00,53.02708333333333,18,Indoor cycling,0.0,426,123,171,50.446,-1.0,,5.6
2020-08-02,2020-08-02T12:16:30,56.35625,18,Indoor cycling,0.0,447,120,165,44.4093,-1.0,,5.35
2020-08-05,2020-08-05T13:41:23,92.92708333333333,18,Indoor cycling,0.0,664,112,152,55.044,-1.0,,6.633333333333334
2020-08-07,2020-08-07T14:24:04,26.058333333333334,64,Body & Mind,0.0,103,95,116,8.52752,-1.0,,0.3
2020-08-07,2020-08-07T19:07:52,56.389583333333334,18,Indoor cycling,0.0,439,123,172,52.8689,-1.0,,5.683333333333334
2020-08-08,2020-08-08T07:32:20,46.21875,18,Indoor cycling,0.0,305,110,143,26.4985,-1.0,,2.5833333333333335
2020-08-09,2020-08-09T11:01:40,142.125,3,Walking,7.0997998046875,997,112,151,92.4039,-1.0,,11.966666666666667
2020-08-13,2020-08-13T19:32:27,90.26458333333333,64,Body & Mind,0.0,427,100,134,36.4807,-1.0,,2.9833333333333334
2020-08-14,2020-08-14T13:11:02,58.78333333333333,18,Indoor cycling,0.0,472,121,155,44.9575,-1.0,,5.65
2020-08-15,2020-08-15T12:05:28,89.6,12,Swimming,0.0,859,134,154,95.6857,-1.0,,14.016666666666667
2020-08-16,2020-08-16T11:18:03,115.40416666666667,3,Walking,5.6847998046875,750,113,142,72.4636,-1.0,,8.733333333333333
2020-08-19,2020-08-19T13:59:10,42.33125,64,Body & Mind,0.0,277,111,137,24.1052,-1.0,,2.5833333333333335
2020-08-20,2020-08-20T12:27:32,30.058333333333334,19,Road running,5.30210009765625,393,164,178,67.2178,-1.0,,9.85
2020-08-21,2020-08-21T09:14:32,228.3625,19,Road running,14.231400390625,2075,131,166,240.162,-1.0,,55.63333333333333
2020-08-23,2020-08-23T07:34:03,184.50833333333333,1,Running,12.9357998046875,1597,127,161,168.477,-1.0,,27.2
2020-08-26,2020-08-26T07:48:33,186.90833333333333,1,Running,11.851400390625,1662,128,161,177.093,-1.0,,29.283333333333335
2020-08-26,2020-08-26T19:43:03,75.1,64,Body & Mind,0.0,370,101,130,31.0162,-1.0,,2.566666666666667
2020-08-28,2020-08-28T12:44:22,30.0125,19,Road running,5.1417998046875,392,164,176,67.0444,-1.0,,9.25
2020-08-29,2020-08-29T07:47:32,134.35625,19,Road running,9.424900390625,1058,120,153,101.72,-1.0,,14.033333333333333
2020-09-03,2020-09-03T14:45:45,62.83125,15,Other indoor,0.0,306,99,136,26.0075,-1.0,,2.316666666666667
2020-09-04,2020-09-04T06:41:27,178.58541666666667,38,Road cycling,0.0,1467,121,157,136.866,-1.0,,18.65
2020-09-06,2020-09-06T11:29:34,112.925,3,Walking,5.2032001953125,733,112,156,69.5631,-1.0,,8.233333333333333
2020-09-08,2020-09-08T06:53:40,193.08958333333334,2,Cycling,0.0,1454,116,176,132.662,-1.0,,17.116666666666667
2020-09-08,2020-09-08T18:05:52,41.9875,64,Body & Mind,0.0,125,87,112,9.88964,-1.0,,0.23333333333333334
2020-09-09,2020-09-09T09:21:05,89.68541666666667,1,Running,5.86310009765625,715,120,148,67.7962,-1.0,,9.0
2020-09-10,2020-09-10T07:30:38,147.07708333333332,1,Running,11.624599609375,1359,132,163,153.035,-1.0,,24.266666666666666
2020-09-11,2020-09-11T11:35:42,21.46875,83,Yoga,0.0,109,101,124,9.01481,-1.0,,0.4666666666666667
2020-09-13,2020-09-13T11:38:04,45.63333333333333,38,Road cycling,0.0,336,117,156,32.1767,-1.0,,3.6
2020-09-13,2020-09-13T14:04:20,48.6625,38,Road cycling,0.0,493,142,164,66.1742,-1.0,,8.216666666666667
2020-09-15,2020-09-15T06:40:00,231.01875,2,Cycling,0.0,1370,112,153,108.49,-1.0,,12.366666666666667
2020-09-16,2020-09-16T12:19:41,45.614583333333336,12,Swimming,0.0,400,126,139,39.6176,-1.0,,5.083333333333333
2020-09-17,2020-09-17T05:39:39,374.6125,2,Cycling,0.0,2643,111,163,218.081,-1.0,,28.933333333333334
2020-09-18,2020-09-18T10:52:07,30.235416666666666,19,Road running,5.54889990234375,379,160,180,63.0347,-1.0,,8.816666666666666
2020-09-19,2020-09-19T07:48:45,141.35625,1,Running,9.7547998046875,1049,117,161,96.8813,-1.0,,12.75
2020-09-22,2020-09-22T07:57:24,144.96041666666667,38,Road cycling,0.0,1095,115,138,93.5566,-1.0,,11.766666666666667
2020-09-22,2020-09-22T10:22:41,146.86041666666668,2,Cycling,0.0,1150,118,147,100.098,-1.0,,13.333333333333334
2020-09-23,2020-09-23T12:12:10,27.654166666666665,1,Running,1.7409000244140624,207,119,150,20.6822,-1.0,,2.2333333333333334
2020-09-24,2020-09-24T08:41:11,122.28125,38,Road cycling,2.348800048828125,890,113,164,77.105,-1.0,,9.283333333333333
2020-09-24,2020-09-24T14:54:23,11.597916666666666,38,Road cycling,2.311300048828125,26,80,91,1.8919,-1.0,,0.016666666666666666
2020-09-24,2020-09-24T15:07:01,15.070833333333333,38,Road cycling,4.1852998046875,34,80,93,2.42679,-1.0,,0.016666666666666666
2020-09-29,2020-09-29T06:02:23,167.23541666666668,38,Road cycling,29.817099609375,1257,117,162,114.868,-1.0,,14.866666666666667
2020-09-30,2020-09-30T08:47:53,101.46041666666666,1,Running,7.6512001953125,903,132,167,107.035,-1.0,,15.016666666666667
2020-10-01,2020-10-01T07:54:14,68.69583333333334,1,Running,4.67139990234375,580,127,166,64.3293,-1.0,,8.433333333333334
2020-10-02,2020-10-02T13:07:15,116.26041666666667,12,Swimming,0.0,950,121,143,90.4329,-1.0,,12.483333333333333
2020-10-04,2020-10-04T13:15:10,172.88125,1,Running,13.7722001953125,1633,134,167,196.053,-1.0,,38.15
2020-10-06,2020-10-06T05:48:48,122.05208333333333,2,Cycling,41.3143984375,974,120,174,91.2664,-1.0,,11.883333333333333
2020-10-07,2020-10-07T07:39:58,164.5375,1,Running,12.5142998046875,1400,125,155,141.954,-1.0,,21.416666666666668
2020-10-09,2020-10-09T16:58:24,29.8375,2,Cycling,0.0,224,116,142,19.4773,-1.0,,2.1166666666666667
2020-10-10,2020-10-10T16:49:07,95.275,38,Road cycling,41.81680078125,900,134,168,109.225,-1.0,,14.416666666666666
2020-10-13,2020-10-13T07:59:13,145.525,38,Road cycling,55.8098984375,1056,114,161,92.6263,-1.0,,11.683333333333334
2020-10-14,2020-10-14T17:51:13,30.24375,19,Road running,5.79960009765625,391,162,174,64.5878,-1.0,,8.016666666666667
2020-10-15,2020-10-15T07:41:13,204.06875,3,Walking,11.183900390625,1162,107,135,102.375,-1.0,,11.85
2020-10-17,2020-10-17T14:45:43,135.86458333333334,19,Road running,11.4772998046875,1248,131,158,136.135,-1.0,,20.866666666666667
2020-10-18,2020-10-18T15:01:47,124.81875,19,Road running,8.219900390625,961,120,162,99.0747,-1.0,,13.133333333333333
2020-10-22,2020-10-22T06:15:09,266.3354166666667,19,Road running,65.1871015625,1974,115,147,169.141,-1.0,,24.466666666666665
2020-10-24,2020-10-24T07:13:46,392.30625,38,Road cycling,163.417203125,2435,104,147,183.552,-1.0,,20.483333333333334
2020-10-26,2020-10-26T18:43:32,35.75416666666667,19,Road running,6.5105,481,167,177,84.633,-1.0,,14.516666666666667
2020-10-27,2020-10-27T11:29:46,64.76041666666667,18,Indoor cycling,0.0,564,129,172,66.6197,-1.0,,8.233333333333333
2020-10-28,2020-10-28T10:57:56,84.23958333333333,1,Running,5.02989990234375,600,112,131,49.1565,-1.0,,6.0
2020-10-29,2020-10-29T08:07:27,212.4125,3,Walking,10.5272998046875,1140,104,132,97.6287,-1.0,,10.65
2020-10-30,2020-10-30T15:46:00,177.11041666666668,38,Road cycling,140.775703125,1476,123,163,146.901,-1.0,,19.983333333333334
2020-11-07,2020-11-07T07:27:23,89.50208333333333,38,Road cycling,38.8075,956,146,173,132.278,-1.0,,21.316666666666666
2020-11-09,2020-11-09T12:39:30,60.62916666666667,18,Indoor cycling,0.0,511,125,168,56.6825,-1.0,,6.9
2020-11-10,2020-11-10T07:53:55,295.5729166666667,38,Road cycling,104.933703125,2171,113,160,179.196,-1.0,,23.666666666666668
2020-11-12,2020-11-12T07:59:41,446.8,38,Road cycling,435.0983125,2663,104,157,207.492,-1.0,,22.983333333333334
2020-11-15,2020-11-15T15:09:55,177.90625,38,Road cycling,79.654203125,1493,123,155,142.984,-1.0,,19.683333333333334
2020-11-18,2020-11-18T11:36:46,39.947916666666664,18,Indoor cycling,0.0,263,108,144,21.0279,-1.0,,2.066666666666667
2020-11-22,2020-11-22T07:11:14,154.81666666666666,38,Road cycling,73.7433984375,1356,126,162,137.268,-1.0,,19.033333333333335
2020-11-23,2020-11-23T12:28:18,45.62291666666667,12,Swimming,0.0,399,125,136,38.6669,-1.0,,5.033333333333333
2020-11-24,2020-11-24T11:10:00,53.52291666666667,12,Swimming,0.0,361,107,123,26.3702,-1.0,,2.65
2020-11-30,2020-11-30T11:22:27,54.9625,12,Swimming,0.0,530,133,147,56.1126,-1.0,,7.65
2020-12-02,2020-12-02T08:07:37,50.479166666666664,3,Walking,3.42189990234375,378,116,132,32.7106,-1.0,,3.933333333333333
2020-12-03,2020-12-03T06:35:22,334.93958333333336,2,Cycling,69.6761015625,2334,111,167,202.032,-1.0,,25.116666666666667
2020-12-05,2020-12-05T12:11:42,164.03333333333333,2,Cycling,76.2476015625,1384,125,166,147.366,-1.0,,20.733333333333334
2020-12-06,2020-12-06T18:56:47,63.4,2,Cycling,31.231,712,150,172,103.967,-1.0,,16.2
2020-12-08,2020-12-08T10:19:10,77.98958333333333,38,Road cycling,34.5286015625,834,146,173,120.623,-1.0,,20.483333333333334
2020-12-10,2020-12-10T07:50:39,306.2708333333333,38,Road cycling,253.97040625,2210,114,163,203.309,-1.0,,26.55
2020-12-12,2020-12-12T08:24:19,30.960416666666667,3,Walking,2.59010009765625,334,145,178,48.3946,-1.0,,5.366666666666666
2020-12-17,2020-12-17T12:48:02,118.08541666666666,12,Swimming,0.0,869,115,154,78.4027,-1.0,,10.216666666666667
2020-12-23,2020-12-23T07:13:27,238.50833333333333,38,Road cycling,49.52780078125,1753,114,175,159.934,-1.0,,20.366666666666667
2020-12-30,2020-12-30T07:14:13,372.71666666666664,38,Road cycling,57.468,2517,109,161,201.938,-1.0,,24.566666666666666
2020-12-31,2020-12-31T16:44:55,161.00833333333333,38,Road cycling,73.881796875,1399,126,169,144.534,-1.0,,19.7
2021-01-08,2021-01-08T18:51:25,8.00625,19,Road running,1.3470999755859374,80,137,155,9.54869,-1.0,,0.8
2021-01-08,2021-01-08T19:00:14,11.50625,19,Road running,2.5025,152,166,180,26.8566,-1.0,,2.566666666666667
2021-01-09,2021-01-09T06:23:37,139.95625,38,Road cycling,24.335099609375,916,107,151,75.4294,-1.0,,8.65
2021-01-10,2021-01-10T08:03:01,219.12708333333333,38,Road cycling,37.17419921875,1993,133,188,259.198,-1.0,,68.01666666666667
2021-01-11,2021-01-11T06:35:00,131.39166666666668,38,Road cycling,14.313900390625,850,106,123,63.5251,-1.0,,7.133333333333334
2021-01-12,2021-01-12T18:35:46,4.227083333333334,36,Mountain biking,0.6067999877929687,35,117,134,2.89474,-1.0,,0.21666666666666667
2021-01-12,2021-01-12T18:40:10,27.733333333333334,36,Mountain biking,5.11789990234375,332,154,174,49.9184,-1.0,,5.883333333333334
2021-01-19,2021-01-19T09:51:22,135.08125,38,Road cycling,46.261,1408,145,181,211.316,-1.0,,58.35
2021-01-22,2021-01-22T17:03:21,93.825,38,Road cycling,17.12969921875,915,139,186,125.362,-1.0,,21.05
2021-01-27,2021-01-27T16:49:09,64.45625,38,Road cycling,3.67110009765625,373,103,145,30.0934,-1.0,,2.65
2021-02-03,2021-02-03T11:08:24,79.91666666666667,12,Swimming,0.0,687,124,148,67.3883,-1.0,,9.166666666666666
2021-02-17,2021-02-17T15:15:39,68.72291666666666,1,Running,4.010800048828125,523,125,158,51.8756,-1.0,,6.433333333333334
2021-02-17,2021-02-17T13:33:28,44.0,12,Swimming,0.0,381,125,139,37.454,-1.0,,4.75
2021-02-20,2021-02-20T16:53:00,101.79166666666667,36,Mountain biking,9.465099609375,962,133,152,106.314,-1.0,,15.55
2021-02-28,2021-02-28T10:31:45,546.75625,3,Walking,20.937,2650,103,161,253.395,-1.0,,27.9
2021-03-10,2021-03-10T08:43:22,51.68125,3,Walking,3.67710009765625,418,120,139,37.4447,-1.0,,4.7
2021-03-16,2021-03-16T07:38:56,129.97708333333333,38,Road cycling,54.2383984375,1149,128,173,125.367,-1.0,,16.9
2021-03-19,2021-03-19T08:18:14,247.36041666666668,38,Road cycling,37.60169921875,1893,116,159,164.364,-1.0,,21.85
2021-03-25,2021-03-25T07:45:42,137.83958333333334,38,Road cycling,36.4905,1095,119,171,101.284,-1.0,,13.2
2021-03-30,2021-03-30T06:45:17,298.5083333333333,38,Road cycling,359.3796875,2200,114,147,185.941,-1.0,,24.633333333333333
2021-04-02,2021-04-02T07:48:29,101.78541666666666,38,Road cycling,26.68069921875,854,123,164,82.3411,-1.0,,10.95
2021-04-05,2021-04-05T17:52:55,67.88125,38,Road cycling,21.94219921875,556,123,160,56.8474,-1.0,,7.266666666666667
2021-04-07,2021-04-07T11:44:41,148.32291666666666,12,Swimming,0.0,1204,121,148,111.556,-1.0,,16.016666666666666
2021-04-08,2021-04-08T06:11:13,199.5625,38,Road cycling,131.887703125,1541,118,155,142.004,-1.0,,18.633333333333333
2021-04-08,2021-04-08T19:40:55,91.40416666666667,64,Body & Mind,0.0,180,75,110,11.6179,-1.0,,0.05
2021-04-11,2021-04-11T13:08:39,5.822916666666667,36,Mountain biking,0.8479000244140625,57,135,159,6.77693,-1.0,,0.48333333333333334
2021-04-11,2021-04-11T13:14:50,30.191666666666666,19,Road running,5.4527998046875,402,166,177,69.5586,-1.0,,10.116666666666667
2021-04-13,2021-04-13T08:42:08,49.4625,15,Other indoor,0.0,259,104,135,21.6527,-1.0,,2.1666666666666665
2021-04-13,2021-04-13T09:31:46,57.87083333333333,15,Other indoor,0.0,327,105,123,26.4577,-1.0,,2.6333333333333333
2021-04-15,2021-04-15T08:47:06,103.35,15,Other indoor,0.0,614,106,133,50.1783,-1.0,,5.366666666666666
2021-04-18,2021-04-18T12:37:16,6.45,36,Mountain biking,0.8185,61,131,145,6.5212,-1.0,,0.4666666666666667
2021-04-18,2021-04-18T12:43:53,30.785416666666666,36,Mountain biking,4.9807998046875,400,163,175,65.9963,-1.0,,8.633333333333333
2021-04-18,2021-04-18T13:14:56,39.985416666666666,3,Walking,2.870699951171875,337,125,171,34.672,-1.0,,4.183333333333334
2021-04-20,2021-04-20T07:33:54,39.90833333333333,2,Cycling,0.0,363,135,191,47.6478,-1.0,,5.616666666666666
2021-04-21,2021-04-21T07:41:04,35.75,38,Road cycling,0.0,313,127,161,32.622,-1.0,,3.9833333333333334
2021-04-21,2021-04-21T17:39:08,67.25833333333334,38,Road cycling,0.0,532,121,181,54.0276,-1.0,,6.616666666666666
2021-04-22,2021-04-22T07:37:18,33.31666666666667,38,Road cycling,12.4792998046875,340,147,187,51.5625,-1.0,,6.066666666666666
2021-04-26,2021-04-26T08:20:22,16.7125,38,Road cycling,6.0125,118,112,128,9.47246,-1.0,,0.7666666666666667
2021-04-26,2021-04-26T13:28:22,90.97291666666666,1,Running,8.695400390625,822,127,152,82.7855,-1.0,,11.583333333333334
2021-04-27,2021-04-27T13:03:32,29.785416666666666,2,Cycling,10.495099609375,231,117,131,20.0428,-1.0,,2.25
2021-04-28,2021-04-28T09:19:55,28.339583333333334,2,Cycling,9.176900390625,243,125,142,23.6475,-1.0,,2.8333333333333335
2021-04-28,2021-04-28T16:36:26,50.15,2,Cycling,11.9585,348,110,147,28.1344,-1.0,,3.1166666666666667
2021-04-29,2021-04-29T13:03:01,33.233333333333334,2,Cycling,10.2825,315,133,162,35.8191,-1.0,,4.45
2021-04-29,2021-04-29T16:53:24,56.34375,2,Cycling,0.0,420,115,139,36.2744,-1.0,,4.333333333333333
2021-05-09,2021-05-09T07:14:46,104.20416666666667,15,Other indoor,0.0,601,104,124,46.9686,-1.0,,4.8
2021-05-09,2021-05-09T14:19:52,46.725,36,Mountain biking,3.76689990234375,418,128,152,43.2025,-1.0,,5.65
2021-05-16,2021-05-16T08:34:00,95.84375,15,Other indoor,0.0,550,104,135,44.3297,-1.0,,4.6
2021-05-17,2021-05-17T08:37:35,123.74166666666666,19,Road running,5.9342998046875,1017,123,167,103.326,-1.0,,14.166666666666666
2021-06-01,2021-06-01T13:08:23,33.947916666666664,38,Road cycling,11.102099609375,264,120,166,25.2913,-1.0,,2.9166666666666665
2021-06-01,2021-06-01T16:43:22,63.43541666666667,38,Road cycling,10.867400390625,329,98,152,24.7132,-1.0,,2.066666666666667
2021-06-21,2021-06-21T08:12:12,32.175,38,Road cycling,0.0,308,139,184,41.1668,-1.0,,5.0
2021-06-21,2021-06-21T16:49:32,45.14375,38,Road cycling,0.0,352,120,183,37.0342,-1.0,,4.3
2021-06-22,2021-06-22T07:37:50,107.19166666666666,15,Other indoor,0.0,634,105,132,51.0937,-1.0,,5.466666666666667
2021-06-23,2021-06-23T08:06:40,34.65416666666667,38,Road cycling,0.0,325,139,182,46.9532,-1.0,,5.45
2021-06-24,2021-06-24T07:36:21,117.64375,15,Other indoor,0.0,799,111,133,66.4165,-1.0,,8.4
2021-06-27,2021-06-27T07:17:34,50.25,38,Road cycling,0.0,443,126,143,42.5766,-1.0,,5.483333333333333
2021-06-27,2021-06-27T08:17:35,119.18541666666667,19,Road running,10.455,1217,141,176,161.269,-1.0,595.9167,32.63333333333333
2021-06-28,2021-06-28T08:08:05,32.74375,38,Road cycling,0.0,267,128,196,33.2821,-1.0,,3.816666666666667
2021-06-30,2021-06-30T19:12:22,107.2375,36,Mountain biking,9.1572001953125,907,127,182,106.168,-1.0,,14.4
2021-07-08,2021-07-08T18:57:10,131.67291666666668,36,Mountain biking,8.821,1156,127,184,122.688,-1.0,,18.1
2021-07-13,2021-07-13T08:42:22,96.84166666666667,15,Other indoor,0.0,559,104,133,44.2395,-1.0,,4.45
2021-07-15,2021-07-15T19:06:09,118.28541666666666,36,Mountain biking,9.1652001953125,1042,128,173,116.23,-1.0,,16.316666666666666
2021-07-22,2021-07-22T19:29:54,91.19166666666666,19,Road running,9.041599609375,910,139,186,122.46,-1.0,,19.116666666666667
2021-08-05,2021-08-05T08:58:10,76.95,15,Other indoor,0.0,590,118,152,55.4291,-1.0,,7.45
2021-08-10,2021-08-10T07:02:48,204.39166666666668,38,Road cycling,40.2361015625,1592,119,164,154.93,-1.0,,20.25
2021-08-12,2021-08-12T18:58:11,223.8875,1,Running,10.950099609375,1426,108,139,119.157,-1.0,,14.766666666666667
2021-08-16,2021-08-16T08:32:33,91.54583333333333,1,Running,5.94339990234375,821,128,159,86.3125,-1.0,,12.066666666666666
2021-08-18,2021-08-18T19:48:01,105.33125,15,Other indoor,0.0,648,107,135,53.9511,-1.0,,6.016666666666667
2021-08-19,2021-08-19T19:11:18,122.41666666666667,36,Mountain biking,7.51139990234375,944,119,148,90.2722,-1.0,,12.116666666666667
2021-08-22,2021-08-22T06:33:30,341.26666666666665,38,Road cycling,71.513796875,2170,116,156,177.416,-1.0,,20.983333333333334
2021-08-26,2021-08-26T18:52:49,175.19375,36,Mountain biking,8.9127998046875,1175,111,174,101.546,-1.0,,12.566666666666666
2021-08-28,2021-08-28T13:45:41,135.05208333333334,36,Mountain biking,5.7145,1093,122,167,112.266,-1.0,,15.533333333333333
2021-08-29,2021-08-29T08:10:47,487.05833333333334,36,Mountain biking,24.09630078125,3626,117,167,352.869,-1.0,,122.1
2021-09-02,2021-09-02T19:07:18,125.75,36,Mountain biking,9.122900390625,1094,126,172,112.685,-1.0,,16.033333333333335
2021-09-03,2021-09-03T20:16:52,116.33333333333333,36,Mountain biking,7.0475,920,120,157,87.7879,-1.0,,11.866666666666667
2021-09-07,2021-09-07T19:37:15,79.0625,15,Other indoor,0.0,522,111,169,47.7554,-1.0,,5.483333333333333
2021-09-09,2021-09-09T19:03:15,268.15833333333336,36,Mountain biking,12.8037001953125,1652,107,155,140.361,-1.0,,17.333333333333332
2021-09-12,2021-09-12T08:59:11,198.82916666666668,36,Mountain biking,12.5805,1710,125,154,170.344,-1.0,,27.583333333333332
2021-09-18,2021-09-18T14:57:26,127.39583333333333,36,Mountain biking,7.9187001953125,1241,139,191,177.868,-1.0,,45.21666666666667
2021-09-18,2021-09-18T20:46:54,49.19583333333333,36,Mountain biking,3.3075,492,137,158,57.0815,-1.0,,7.7
2021-09-19,2021-09-19T09:36:12,77.32916666666667,36,Mountain biking,4.2475,654,125,158,67.8036,-1.0,,9.033333333333333
2021-09-19,2021-09-19T05:57:03,167.01041666666666,36,Mountain biking,7.8937001953125,1147,115,166,114.772,-1.0,,14.4
2021-09-30,2021-09-30T08:41:29,55.68958333333333,15,Other indoor,0.0,354,108,149,29.6056,-1.0,,3.1666666666666665
2021-09-30,2021-09-30T19:43:32,130.53541666666666,36,Mountain biking,5.52910009765625,905,112,168,80.5846,-1.0,,10.15
2021-10-06,2021-10-06T18:54:31,175.53541666666666,36,Mountain biking,8.483,1097,109,143,98.4946,-1.0,,11.5
2021-10-09,2021-10-09T10:25:19,500.1375,36,Mountain biking,6.9795,1266,105,155,,-1.0,,2.5166666666666666
2021-11-07,2021-11-07T08:08:04,109.18333333333334,36,Mountain biking,8.3667998046875,954,126,166,97.6225,-1.0,,13.816666666666666
2021-11-13,2021-11-13T09:01:58,220.8375,36,Mountain biking,14.7037998046875,1973,128,153,206.69,-1.0,,37.85
2021-11-15,2021-11-15T08:28:34,117.375,36,Mountain biking,8.8372998046875,1244,143,173,165.709,-1.0,,31.55
2021-11-17,2021-11-17T19:46:32,76.39166666666667,15,Other indoor,0.0,478,108,141,39.8731,-1.0,,4.383333333333334
2021-11-20,2021-11-20T13:09:14,387.55,36,Mountain biking,14.436400390625,2743,127,169,269.619,-1.0,,54.75
2021-11-21,2021-11-21T14:12:09,162.98958333333334,36,Mountain biking,8.4022998046875,1360,124,161,141.218,-1.0,,20.716666666666665
2021-11-25,2021-11-25T12:00:26,113.67708333333333,15,Other indoor,0.0,657,105,139,54.1802,-1.0,,5.566666666666666
2021-11-25,2021-11-25T19:22:25,160.79583333333332,17,Hiking,9.627900390625,1255,119,174,117.42,-1.0,,16.2
2021-11-30,2021-11-30T13:01:10,101.12708333333333,15,Other indoor,0.0,731,114,143,62.2374,-1.0,,8.233333333333333
2021-12-01,2021-12-01T19:12:32,92.5375,15,Other indoor,0.0,671,114,152,59.3218,-1.0,,7.716666666666667
2021-12-01,2021-12-01T20:46:00,41.604166666666664,17,Hiking,4.047800048828125,412,138,186,57.4176,-1.0,,6.766666666666667
2021-12-02,2021-12-02T19:28:01,132.85833333333332,19,Road running,10.4002001953125,1191,129,174,134.144,-1.0,,19.233333333333334
2021-12-08,2021-12-08T07:50:00,193.875,19,Road running,11.884400390625,1641,124,166,162.525,-1.0,,25.15
2022-01-08,2022-01-08T06:57:44,218.63541666666666,38,Road cycling,29.00019921875,1718,117,173,153.248,-1.0,,20.533333333333335
2022-01-15,2022-01-15T15:18:47,141.61458333333334,3,Walking,5.1355,901,113,142,84.505,-1.0,,10.733333333333333
2022-01-20,2022-01-20T17:29:36,200.85833333333332,38,Road cycling,103.2888984375,1713,124,190,186.026,-1.0,,34.11666666666667
2022-01-22,2022-01-22T10:04:20,20.24375,1,Running,3.412300048828125,276,169,189,50.9733,-1.0,,6.716666666666667
2022-01-29,2022-01-29T09:23:41,225.75833333333333,1,Running,13.420400390625,2123,132,168,236.743,-1.0,,49.55
2022-02-04,2022-02-04T13:20:11,60.552083333333336,15,Other indoor,0.0,406,111,138,34.6112,-1.0,,4.016666666666667
2022-02-06,2022-02-06T08:32:54,132.69375,36,Mountain biking,9.1017001953125,1320,138,180,167.491,-1.0,,33.733333333333334
2022-02-09,2022-02-09T11:57:45,121.55208333333333,15,Other indoor,0.0,791,110,137,66.8102,-1.0,,8.283333333333333
2022-02-11,2022-02-11T12:31:54,104.22708333333334,15,Other indoor,0.0,849,122,153,82.0782,-1.0,,12.516666666666667
2022-02-13,2022-02-13T10:15:50,124.38541666666667,36,Mountain biking,7.93810009765625,1144,130,166,127.017,-1.0,,19.0
2022-03-03,2022-03-03T07:50:15,164.06875,38,Road cycling,82.2056015625,1388,127,184,176.166,-1.0,,35.31666666666667
2022-03-08,2022-03-08T19:53:54,108.64583333333333,15,Other indoor,0.0,763,114,173,72.603,-1.0,,9.833333333333334
2022-03-11,2022-03-11T17:41:46,118.04375,15,Other indoor,0.0,829,114,155,79.7472,-1.0,,10.783333333333333
2022-03-12,2022-03-12T09:02:29,191.11875,36,Mountain biking,11.3002998046875,1579,124,171,168.507,-1.0,,26.166666666666668
2022-03-16,2022-03-16T12:50:46,68.75833333333334,15,Other indoor,0.0,419,108,134,37.1815,-1.0,,3.933333333333333
2022-03-17,2022-03-17T14:23:45,109.53333333333333,15,Other indoor,0.0,816,118,157,79.1055,-1.0,547.6667,11.466666666666667
2022-03-19,2022-03-19T09:54:37,47.922466666666665,2,Cycling,13.8922998046875,355,123,161,37.9081,-1.0,191.66667,4.183333333333334
2022-03-22,2022-03-22T12:22:43,78.38913333333333,15,Other indoor,0.0,528,123,162,61.1015,-1.0,,8.55
2022-03-22,2022-03-22T13:41:34,36.50163333333333,17,Hiking,5.1277998046875,415,153,170,67.2968,-1.0,,7.816666666666666
2022-03-23,2022-03-23T13:02:14,100.06203333333333,15,Other indoor,0.0,768,125,166,93.0255,-1.0,,14.183333333333334
2022-03-24,2022-03-24T19:49:28,83.87663333333333,36,Mountain biking,1.748300048828125,647,125,170,75.4342,-1.0,419.33334,10.183333333333334
2022-03-29,2022-03-29T12:04:00,109.13706666666667,15,Other indoor,0.0,620,107,159,61.5119,-1.0,545.6667,6.833333333333333
2022-03-31,2022-03-31T11:54:33,142.31623333333334,15,Other indoor,0.0,983,119,164,110.506,-1.0,,17.683333333333334
2022-03-31,2022-03-31T19:32:54,102.2037,36,Mountain biking,3.85810009765625,689,120,163,70.6625,-1.0,,8.933333333333334
2022-04-03,2022-04-03T06:26:39,156.52493333333334,36,Mountain biking,5.5265,1354,124,163,130.289,-1.0,626.06665,19.55
2022-04-03,2022-04-03T09:43:47,68.12665,36,Mountain biking,3.690800048828125,585,122,163,54.1565,-1.0,340.58334,7.416666666666667
2022-04-04,2022-04-04T20:29:12,51.427683333333334,64,,0.0,271,101,150,23.4109,-1.0,,2.35
2022-04-05,2022-04-05T16:48:08,81.80788333333334,15,Other indoor,0.0,625,117,171,56.1366,-1.0,,7.416666666666667
2022-04-06,2022-04-06T11:07:48,95.72455,15,Other indoor,0.0,819,123,157,79.8134,-1.0,,12.25
2022-04-07,2022-04-07T07:00:49,161.6287,2,Cycling,39.006,1626,130,175,172.206,-1.0,1131.3167,29.95
2022-04-09,2022-04-09T06:21:56,165.11751666666666,43,Strength training,4.15660009765625,1421,121,159,129.946,-1.0,,21.3
2022-04-09,2022-04-09T09:49:09,28.224566666666668,43,Strength training,1.289300048828125,256,126,158,25.1206,-1.0,,3.1166666666666667
2022-04-09,2022-04-09T05:41:56,34.070433333333334,2,Cycling,11.346400390625,340,127,153,31.5546,-1.0,,3.966666666666667
2022-04-10,2022-04-10T06:29:14,149.17246666666668,43,Strength training,4.8125,1167,117,149,100.188,-1.0,745.8333,14.9
2022-04-25,2022-04-25T14:21:59,96.48081666666667,15,Other indoor,0.0,413,91,143,28.6168,-1.0,482.33334,0.8666666666666667
2022-04-29,2022-04-29T20:29:19,41.93705,3,Walking,5.64,193,106,132,16.6525,-1.0,,1.1833333333333333
2022-04-30,2022-04-30T06:11:26,28.676633333333335,2,Cycling,9.7375,159,106,151,10.6485,-1.0,,0.48333333333333334
2022-04-30,2022-04-30T06:45:20,217.72036666666668,43,Strength training,15.102,1924,123,177,187.325,-1.0,1088.5834,39.2
2022-05-01,2022-05-01T06:28:18,176.7954,43,Strength training,4.9812001953125,939,106,139,70.1522,-1.0,883.9167,5.4
2022-05-04,2022-05-04T09:44:55,127.25996666666667,15,Other indoor,0.0,938,119,171,91.8792,-1.0,,14.116666666666667
2022-05-04,2022-05-04T19:53:04,168.46413333333334,43,Strength training,6.63739990234375,1431,124,183,140.048,-1.0,,22.766666666666666
2022-05-05,2022-05-05T15:48:44,104.40993333333333,15,Other indoor,0.0,665,113,156,61.9821,-1.0,,7.533333333333333
2022-05-10,2022-05-10T17:02:12,92.54745,15,Other indoor,0.0,716,116,160,64.0299,-1.0,,8.9
2022-05-12,2022-05-12T17:45:22,118.87666666666667,15,Other indoor,0.0,919,117,154,82.309,-1.0,,12.166666666666666
2022-05-14,2022-05-14T12:49:37,83.53288333333333,43,Strength training,4.016300048828125,706,125,183,75.1762,-1.0,334.06668,10.45
2022-05-15,2022-05-15T12:04:05,138.54745,43,Strength training,4.8457001953125,1161,123,158,111.671,-1.0,,17.1
2022-05-17,2022-05-17T12:45:52,98.16831666666667,15,Other indoor,0.0,817,121,155,75.0478,-1.0,,11.316666666666666
2022-05-18,2022-05-18T20:02:19,137.36828333333332,43,Strength training,4.34089990234375,1208,124,178,123.679,-1.0,,19.45
2022-05-20,2022-05-20T11:12:23,88.4683,3,Walking,7.0097998046875,525,105,127,41.8484,-1.0,,4.45
2022-05-20,2022-05-20T07:17:35,65.40375,3,Walking,2.641699951171875,437,108,134,34.5823,-1.0,,3.683333333333333
2022-05-22,2022-05-22T08:44:49,105.05371666666667,43,Strength training,3.733300048828125,971,129,167,102.487,-1.0,315.15,15.316666666666666
2022-05-22,2022-05-22T11:44:10,106.44746666666667,43,Strength training,4.08210009765625,932,128,173,96.8869,-1.0,532.1667,15.316666666666666
2022-05-22,2022-05-22T13:30:56,91.75998333333334,43,Strength training,3.098,847,130,168,90.8714,-1.0,275.25,13.566666666666666
2022-05-24,2022-05-24T21:12:11,61.59121666666667,15,Other indoor,0.0,474,121,158,45.3764,-1.0,,6.15
2022-05-25,2022-05-25T13:09:35,110.12246666666667,15,Other indoor,0.0,715,106,156,63.114,-1.0,,8.083333333333334
2022-05-25,2022-05-25T20:06:42,114.81208333333333,43,Strength training,4.9347998046875,1023,126,170,106.812,-1.0,,16.083333333333332
2022-05-28,2022-05-28T08:08:44,100.3954,43,Strength training,4.663,740,116,165,66.2084,-1.0,401.53333,8.6
2022-05-28,2022-05-28T11:14:43,83.0558,43,Strength training,3.361,735,125,175,76.0271,-1.0,332.2,10.5
2022-05-29,2022-05-29T10:55:38,57.71831666666667,3,Walking,3.11560009765625,340,106,137,28.3711,-1.0,,3.05
2022-05-30,2022-05-30T15:59:10,112.035,15,Other indoor,0.0,802,117,172,79.9663,-1.0,,12.0
2022-05-31,2022-05-31T12:32:41,73.74538333333334,15,Other indoor,0.0,537,115,161,48.6821,-1.0,,6.316666666666666
2022-06-01,2022-06-01T17:31:30,103.28288333333333,15,Other indoor,0.0,841,121,166,81.6538,-1.0,413.06668,12.15
2022-06-08,2022-06-08T08:51:37,130.20165,15,Other indoor,0.0,960,114,152,83.8358,-1.0,520.8,11.85
2022-06-08,2022-06-08T20:36:53,91.64155,43,Strength training,3.55289990234375,696,122,159,66.3517,-1.0,,8.783333333333333
2022-06-10,2022-06-10T18:36:08,52.33915,15,Other indoor,0.0,398,115,144,34.9337,-1.0,,4.266666666666667
2022-06-10,2022-06-10T17:49:35,39.27661666666667,17,Hiking,5.3707998046875,474,148,182,64.4202,-1.0,,7.816666666666666
2022-06-14,2022-06-14T22:18:54,18.182883333333333,66,Group exercise,0.0,89,104,132,8.60391,-1.0,,0.48333333333333334
2022-06-14,2022-06-14T16:30:11,83.34955,15,Other indoor,0.0,780,130,162,86.4184,-1.0,,13.783333333333333
2022-06-16,2022-06-16T11:55:12,56.147483333333334,15,Other indoor,0.0,448,125,161,44.5124,-1.0,,6.083333333333333
2022-06-18,2022-06-18T08:14:57,175.31446666666668,47,Core,5.4527001953125,1621,129,180,178.195,-1.0,876.5,39.55
2022-06-21,2022-06-21T14:50:57,29.278733333333335,15,Other indoor,0.0,199,109,152,17.7692,-1.0,58.533333,1.7666666666666666
2022-06-23,2022-06-23T13:23:35,54.047466666666665,15,Other indoor,0.0,391,113,149,34.7457,-1.0,,4.083333333333333
2022-06-23,2022-06-23T22:44:45,56.3079,66,Group exercise,0.0,237,96,129,20.1192,-1.0,,1.3166666666666667
2022-06-25,2022-06-25T22:08:44,36.08703333333333,66,Group exercise,0.0,212,114,157,22.7038,-1.0,,2.6
2022-06-26,2022-06-26T23:01:58,35.73498333333333,66,Group exercise,0.0,170,103,144,16.4564,-1.0,,1.25
2022-06-27,2022-06-27T21:10:22,44.5686,66,Group exercise,0.0,202,105,144,19.9077,-1.0,,1.9333333333333333
2022-07-06,2022-07-06T22:35:33,47.549566666666664,66,Group exercise,0.0,249,107,133,23.4789,-1.0,,2.4166666666666665
2022-07-07,2022-07-07T13:26:20,82.42665,15,Other indoor,0.0,373,100,150,29.5712,-1.0,,2.3666666666666667
2022-07-08,2022-07-08T16:50:08,91.42455,15,Other indoor,0.0,684,116,161,65.029,-1.0,,8.65
2022-07-09,2022-07-09T08:13:33,19.2954,47,Core,0.034099998474121096,116,107,146,9.67828,-1.0,,0.8
2022-07-10,2022-07-10T08:30:24,124.96206666666667,47,Core,4.6212998046875,1096,128,181,119.85,-1.0,499.8,19.033333333333335
2022-07-10,2022-07-10T20:48:50,47.1725,66,Group exercise,0.0,221,102,148,21.2381,-1.0,,1.9
2022-07-11,2022-07-11T19:56:54,108.58708333333334,15,Other indoor,0.0,650,108,159,53.7057,-1.0,,5.383333333333334
2022-07-12,2022-07-12T13:37:15,95.49536666666667,15,Other indoor,0.0,559,111,162,49.8557,-1.0,,5.25
2022-07-13,2022-07-13T06:03:12,160.37246666666667,38,Road cycling,53.21930078125,1462,127,181,161.989,-1.0,,26.066666666666666
2022-07-13,2022-07-13T20:02:17,63.127966666666666,15,Other indoor,0.0,446,112,156,38.7653,-1.0,,4.65
2022-07-14,2022-07-14T15:01:20,62.139133333333334,15,Other indoor,0.0,325,99,146,25.7249,-1.0,,2.183333333333333
2022-07-14,2022-07-14T21:04:56,53.23495,66,Group exercise,0.0,212,98,137,19.5182,-1.0,,1.3333333333333333
2022-07-15,2022-07-15T23:04:34,46.2725,66,Group exercise,0.0,205,98,142,18.3683,-1.0,,1.3166666666666667
2022-07-16,2022-07-16T08:13:03,115.59956666666666,43,Strength training,4.91910009765625,1089,129,164,111.682,-1.0,,17.666666666666668
2022-07-17,2022-07-17T08:13:55,115.83913333333334,47,Core,4.326,1062,126,164,105.754,-1.0,,16.216666666666665
2022-07-18,2022-07-18T17:52:06,100.87456666666667,15,Other indoor,0.0,720,117,163,67.3313,-1.0,,9.166666666666666
2022-07-19,2022-07-19T11:51:28,69.46205,15,Other indoor,0.0,534,118,163,50.5516,-1.0,,6.566666666666666
2022-07-21,2022-07-21T17:04:58,95.43083333333334,15,Other indoor,0.0,616,109,133,51.9755,-1.0,,6.2
2022-07-22,2022-07-22T22:56:01,47.96828333333333,66,Group exercise,0.0,272,109,138,25.8102,-1.0,,2.9166666666666665
2022-07-23,2022-07-23T08:12:46,123.59748333333333,47,Core,7.3567001953125,1255,134,172,142.378,-1.0,,25.883333333333333
2022-07-24,2022-07-24T23:12:34,52.72665,66,Group exercise,0.0,279,106,141,27.2457,-1.0,,2.816666666666667
2022-07-25,2022-07-25T12:30:06,53.96831666666667,15,Other indoor,0.0,435,120,163,42.1908,-1.0,,5.383333333333334
2022-07-26,2022-07-26T10:54:41,71.47245,15,Other indoor,0.0,535,116,155,49.8005,-1.0,,6.383333333333334
2022-07-26,2022-07-26T22:47:55,54.3954,66,Group exercise,0.0,195,108,120,,-1.0,,0.6
2022-07-27,2022-07-27T11:21:08,64.95581666666666,15,Other indoor,0.0,506,116,162,46.174,-1.0,,5.983333333333333
2022-07-28,2022-07-28T11:29:38,72.3912,15,Other indoor,0.0,279,91,161,23.1866,-1.0,,0.7833333333333333
2022-07-28,2022-07-28T12:43:25,26.432916666666667,17,Hiking,5.0112998046875,391,161,174,57.1787,-1.0,132.08333,6.7
2022-07-30,2022-07-30T08:02:53,139.86231666666666,47,Core,6.88460009765625,1490,137,181,173.051,-1.0,,38.266666666666666
2022-07-31,2022-07-31T09:19:37,51.23911666666667,19,Road running,10.1697998046875,777,164,189,117.622,-1.0,,25.566666666666666
2022-07-31,2022-07-31T19:57:57,64.39988333333334,66,Group exercise,0.0,146,78,109,8.70513,-1.0,,0.06666666666666667
2022-08-01,2022-08-01T11:26:16,62.160133333333334,15,Other indoor,0.0,418,109,142,36.1124,-1.0,,4.0
2022-08-02,2022-08-02T12:05:57,75.21618333333333,15,Other indoor,0.0,514,110,155,44.5842,-1.0,,5.166666666666667
2022-08-02,2022-08-02T22:26:54,47.872483333333335,66,Group exercise,0.0,162,91,133,14.6707,-1.0,,0.4666666666666667
2022-08-03,2022-08-03T12:07:26,81.72073333333333,15,Other indoor,0.0,515,106,139,41.4074,-1.0,,4.383333333333334
2022-08-03,2022-08-03T20:01:10,129.98915,47,Core,3.780699951171875,1216,127,169,119.804,-1.0,,19.516666666666666
2022-08-04,2022-08-04T18:21:04,51.359966666666665,15,Other indoor,0.0,452,124,166,47.1337,-1.0,,6.166666666666667
2022-08-04,2022-08-04T19:19:15,26.0433,17,Hiking,5.02289990234375,388,162,170,56.7396,-1.0,156.2,6.416666666666667
2022-08-05,2022-08-05T21:38:07,54.014183333333335,66,Group exercise,0.0,194,91,142,17.2469,-1.0,,0.7833333333333333
2022-08-06,2022-08-06T08:29:49,12.3037,36,Mountain biking,2.35,167,153,181,23.0669,-1.0,,2.2666666666666666
2022-08-06,2022-08-06T08:51:05,112.19123333333333,47,Core,4.5987998046875,934,121,161,86.5058,-1.0,,12.316666666666666
2022-08-07,2022-08-07T21:45:43,63.08291666666667,66,Group exercise,0.0,206,95,126,18.8276,-1.0,,1.0166666666666666
2022-08-07,2022-08-07T12:49:49,91.52685,47,Core,2.422800048828125,840,125,165,80.7721,-1.0,366.06668,11.866666666666667
2022-08-07,2022-08-07T08:10:39,143.71205,47,Core,3.56510009765625,1241,123,167,123.047,-1.0,718.5,19.8
2022-08-09,2022-08-09T11:36:29,135.44128333333333,15,Other indoor,0.0,833,106,153,70.387,-1.0,,8.066666666666666
2022-08-12,2022-08-12T11:54:35,76.9871,15,Other indoor,0.0,719,125,171,74.385,-1.0,,10.483333333333333
2022-08-16,2022-08-16T10:47:11,90.38296666666666,15,Other indoor,0.0,584,104,144,46.2457,-1.0,,4.95
2022-08-16,2022-08-16T12:26:08,25.23085,17,Hiking,5.025,403,164,180,59.3374,-1.0,,7.3
2022-08-17,2022-08-17T08:01:06,121.09963333333333,38,Road cycling,24.641099609375,1188,125,174,121.124,-1.0,484.33334,15.8
2022-08-18,2022-08-18T10:02:14,109.96648333333333,15,Other indoor,0.0,896,116,156,80.509,-1.0,,10.75
2022-08-19,2022-08-19T20:24:44,47.887116666666664,66,Group exercise,0.0,243,98,141,21.8497,-1.0,,1.8666666666666667
2022-08-20,2022-08-20T08:02:25,145.9642,47,Core,7.3652001953125,1559,132,177,164.465,-1.0,,30.95
2022-08-21,2022-08-21T08:01:55,173.16423333333333,47,Core,7.6652998046875,1844,133,183,204.871,-1.0,,50.88333333333333
2022-08-21,2022-08-21T16:01:43,85.05795,47,Core,0.0584000015258789,169,119,151,,-1.0,,0.16666666666666666
2022-08-22,2022-08-22T20:23:12,66.17671666666666,15,Other indoor,0.0,502,110,153,41.0988,-1.0,,4.716666666666667
2022-08-24,2022-08-24T12:51:55,57.87878333333333,15,Other indoor,0.0,450,112,162,38.8291,-1.0,,4.65
2022-08-24,2022-08-24T18:46:05,37.08088333333333,66,Group exercise,0.0,95,83,102,8.59746,-1.0,,0.15
2022-08-29,2022-08-29T20:11:54,68.03715,15,Other indoor,0.0,494,109,146,41.9069,-1.0,,4.916666666666667
2022-08-30,2022-08-30T20:26:35,101.15793333333333,47,Core,4.27110009765625,1023,128,173,108.43,-1.0,,15.716666666666667
2022-08-31,2022-08-31T11:46:09,74.27671666666667,15,Other indoor,0.0,493,105,135,40.0386,-1.0,,4.4
2022-09-01,2022-09-01T20:01:16,137.4642,47,Core,5.8582001953125,1406,130,179,154.519,-1.0,549.8,26.316666666666666
2022-09-03,2022-09-03T08:02:17,166.85796666666667,47,Core,7.5592998046875,1680,129,181,186.723,-1.0,,40.65
2022-09-04,2022-09-04T07:15:48,157.37463333333332,47,Core,7.694,1592,130,178,168.923,-1.0,,33.1
2022-09-04,2022-09-04T21:34:47,61.957966666666664,66,Group exercise,0.0,297,101,150,29.0007,-1.0,,2.4
2022-09-05,2022-09-05T12:14:18,39.44753333333333,111,,0.0,271,105,139,20.618,-1.0,,1.9833333333333334
2022-09-07,2022-09-07T10:52:26,53.168416666666666,15,Other indoor,0.0,486,122,166,48.8005,-1.0,,6.083333333333333
2022-09-09,2022-09-09T22:58:39,50.54756666666667,127,,0.0,217,92,132,18.545,-1.0,,1.2
2022-09-10,2022-09-10T10:21:28,16.374616666666668,47,Core,0.4075,165,134,161,17.8073,-1.0,,1.85
2022-09-12,2022-09-12T22:31:17,56.320483333333335,66,Group exercise,0.0,244,91,130,20.6004,-1.0,,1.4833333333333334
2022-09-19,2022-09-19T19:55:44,62.635016666666665,15,Other indoor,0.0,428,105,151,34.7836,-1.0,,3.716666666666667
2022-09-20,2022-09-20T20:34:36,64.78086666666667,15,Other indoor,0.0,379,99,155,28.2196,-1.0,,2.7333333333333334
2022-09-21,2022-09-21T20:42:10,97.07045,15,Other indoor,0.0,857,119,150,77.5819,-1.0,,10.95
2022-09-24,2022-09-24T23:31:40,65.85588333333334,66,Group exercise,0.0,321,98,135,29.0288,-1.0,,2.5
2022-09-25,2022-09-25T08:12:33,137.68298333333334,47,Core,7.6607998046875,1524,139,180,179.722,-1.0,688.3333,38.11666666666667
2022-09-30,2022-09-30T22:07:09,46.157916666666665,66,Group exercise,0.0,186,90,122,15.8957,-1.0,,0.9666666666666667
2022-10-01,2022-10-01T22:14:12,47.24755,66,Group exercise,0.0,232,99,135,21.8874,-1.0,,1.9833333333333334
2022-10-01,2022-10-01T08:03:11,140.11211666666668,47,Core,7.3037001953125,1419,130,167,155.85,-1.0,,26.216666666666665
2022-10-02,2022-10-02T09:44:02,117.69965,19,Road running,21.871400390625,1907,166,188,285.803,-1.0,941.4667,132.96666666666667
2022-10-05,2022-10-05T10:14:07,68.74338333333333,66,Group exercise,0.0,324,97,134,28.6739,-1.0,,2.2
2022-10-09,2022-10-09T08:27:30,130.57043333333334,47,Core,4.2745,1110,122,161,104.233,-1.0,,15.5
2022-10-16,2022-10-16T08:07:14,13.283,47,Core,2.32960009765625,192,156,172,26.9798,-1.0,92.86667,2.7
2022-10-22,2022-10-22T11:08:57,66.01626666666667,15,Other indoor,0.0,597,124,160,60.4839,-1.0,,8.3
2022-10-24,2022-10-24T13:35:20,69.59961666666666,15,Other indoor,0.0,539,112,161,46.7843,-1.0,,5.8
2022-10-25,2022-10-25T19:50:37,106.79335,15,Other indoor,0.0,924,119,166,86.9958,-1.0,,12.633333333333333
2022-10-26,2022-10-26T13:10:51,56.26005,15,Other indoor,0.0,424,112,159,37.7823,-1.0,,4.45
2022-10-26,2022-10-26T19:57:10,130.44126666666668,47,Core,4.051800048828125,1275,127,177,129.474,-1.0,,20.55
2022-10-30,2022-10-30T08:10:43,178.59336666666667,47,Core,6.33460009765625,1597,125,166,159.797,-1.0,,28.566666666666666
2022-11-08,2022-11-08T12:43:33,56.70588333333333,15,Other indoor,0.0,521,125,173,55.3843,-1.0,,7.283333333333333
2022-11-09,2022-11-09T11:50:37,141.98921666666666,15,Other indoor,0.0,754,116,169,66.5695,-1.0,,7.416666666666667
2022-11-15,2022-11-15T19:56:38,72.19336666666666,15,Other indoor,0.0,652,121,157,63.4143,-1.0,,8.616666666666667
2022-11-16,2022-11-16T20:13:42,136.00796666666668,47,Core,6.52539990234375,1165,118,165,105.524,-1.0,,14.783333333333333
2022-11-19,2022-11-19T23:29:50,58.88921666666667,66,Group exercise,0.0,304,100,133,27.1702,-1.0,,2.5166666666666666
2022-11-21,2022-11-21T20:56:29,53.855866666666664,15,Other indoor,0.0,421,113,140,36.123,-1.0,269.25,4.366666666666666
2022-11-22,2022-11-22T20:46:43,84.52878333333334,47,Core,3.09939990234375,829,125,160,79.3373,-1.0,,11.066666666666666
2022-11-26,2022-11-26T08:13:27,111.68086666666666,47,Core,5.4255,1121,131,182,122.207,-1.0,,19.633333333333333
2022-11-27,2022-11-27T06:55:12,253.46001666666666,47,Core,11.411,2767,135,176,310.412,-1.0,,163.61666666666667
2022-11-28,2022-11-28T17:23:41,72.69751666666667,15,Other indoor,0.0,511,107,136,42.0828,-1.0,363.41666,4.683333333333334
2022-11-29,2022-11-29T21:16:01,67.6205,15,Other indoor,0.0,613,125,166,61.9904,-1.0,,8.95
2022-11-30,2022-11-30T09:42:53,49.96001666666667,15,Other indoor,0.0,346,107,183,28.6205,-1.0,,3.1166666666666667
2022-12-01,2022-12-01T14:14:04,75.68296666666667,15,Other indoor,0.0,392,95,148,29.4197,-1.0,,2.15
2022-12-04,2022-12-04T18:28:48,82.84548333333333,66,Group exercise,0.0,516,102,140,43.7006,-1.0,,4.516666666666667
2022-12-04,2022-12-04T16:52:25,64.3871,15,Other indoor,0.0,416,103,154,34.3211,-1.0,,3.316666666666667
2022-12-09,2022-12-09T23:03:17,306.2892,66,Group exercise,0.0,470,67,144,35.0367,-1.0,,0.25
2022-12-10,2022-12-10T08:53:29,142.76003333333333,43,Strength training,3.51360009765625,1231,116,161,109.714,-1.0,,15.383333333333333
2022-12-11,2022-12-11T07:45:19,246.10168333333334,43,Strength training,8.4042998046875,2241,120,159,204.651,-1.0,1230.5,41.0
2022-12-11,2022-12-11T19:56:21,93.92875,66,Group exercise,0.0,509,97,141,40.6,-1.0,,4.116666666666666
2022-12-19,2022-12-19T18:47:28,67.91626666666667,15,Other indoor,0.0,413,100,140,31.9658,-1.0,,2.966666666666667
2022-12-20,2022-12-20T12:36:11,76.56705,15,Other indoor,0.0,527,115,152,49.0288,-1.0,,6.216666666666667
2022-12-21,2022-12-21T20:30:31,58.65376666666667,15,Other indoor,0.0,347,99,127,26.426,-1.0,,2.25
2022-12-23,2022-12-23T20:07:39,62.44336666666667,66,Group exercise,0.0,304,95,141,25.1961,-1.0,,1.7833333333333334
2022-12-23,2022-12-23T12:11:43,83.82878333333333,15,Other indoor,0.0,745,120,157,70.9825,-1.0,,9.783333333333333
2022-12-28,2022-12-28T08:31:37,93.3559,15,Other indoor,0.0,696,112,157,64.7939,-1.0,,8.133333333333333
2022-12-29,2022-12-29T08:29:33,175.00798333333333,23,Trail running,0.15,1505,120,156,141.159,-1.0,,18.633333333333333
2022-12-30,2022-12-30T09:18:55,162.34335,3,Walking,7.6422998046875,925,99,134,71.0459,-1.0,,7.183333333333334
2023-01-01,2023-01-01T13:10:44,45.53921666666667,23,Trail running,0.0,256,99,164,20.766,-1.0,,1.8
2023-01-06,2023-01-06T11:47:15,112.93298333333334,15,Other indoor,0.0,910,117,154,84.4101,-1.0,451.66666,11.933333333333334
2023-01-13,2023-01-13T08:00:40,59.76003333333333,15,Other indoor,0.0,496,118,149,46.2176,-1.0,,6.016666666666667
2023-01-14,2023-01-14T18:28:30,26.497516666666666,19,Road running,5.03610009765625,428,165,183,64.1344,-1.0,132.41667,8.583333333333334
2023-01-17,2023-01-17T10:18:16,79.67045,15,Other indoor,0.0,719,123,149,69.1949,-1.0,,9.9
2023-01-19,2023-01-19T18:45:09,85.66213333333333,15,Other indoor,0.0,631,109,151,52.3919,-1.0,,6.383333333333334
2023-01-21,2023-01-21T18:57:34,25.185033333333333,19,Road running,5.02089990234375,446,176,192,78.0411,-1.0,,14.2
2023-01-23,2023-01-23T14:37:22,68.98503333333333,15,Other indoor,0.0,516,111,148,44.8279,-1.0,,5.416666666666667
2023-01-25,2023-01-25T20:26:25,81.41211666666666,15,Other indoor,0.0,551,106,133,44.2731,-1.0,,4.966666666666667
2023-01-26,2023-01-26T07:59:04,21.45795,38,Road cycling,5.87989990234375,166,109,131,12.7569,-1.0,,1.15
2023-01-27,2023-01-27T12:44:30,57.93501666666667,15,Other indoor,0.0,442,112,150,37.579,-1.0,,4.483333333333333
2023-01-29,2023-01-29T13:02:40,179.32253333333333,38,Road cycling,70.2743984375,2435,150,184,326.837,-1.0,1255.2167,108.45
2023-02-02,2023-02-02T13:47:07,31.15795,17,Hiking,5.37310009765625,527,170,190,86.4679,-1.0,,16.3
2023-02-02,2023-02-02T12:59:58,45.845483333333334,15,Other indoor,0.0,416,122,153,39.2742,-1.0,,5.066666666666666
2023-02-03,2023-02-03T12:01:00,60.293366666666664,15,Other indoor,0.0,592,130,177,65.5807,-1.0,,9.2
2023-02-05,2023-02-05T13:05:38,122.5517,1,Running,5.2305,1301,132,179,142.074,-1.0,490.2,20.55
2023-02-05,2023-02-05T22:23:43,80.48083333333334,66,Group exercise,0.0,394,99,144,36.1253,-1.0,,3.433333333333333
2023-02-07,2023-02-07T11:41:14,74.15378333333334,15,Other indoor,0.0,577,118,170,57.7586,-1.0,,7.533333333333333
2023-02-09,2023-02-09T10:52:45,89.36628333333333,15,Other indoor,0.0,735,118,166,70.3556,-1.0,,10.05
2023-02-10,2023-02-10T13:57:01,23.468333333333334,19,Road running,5.0252998046875,355,159,169,49.1178,-1.0,140.8,5.216666666666667
2023-02-11,2023-02-11T09:04:31,121.25791666666667,43,Strength training,3.312699951171875,997,117,162,90.8458,-1.0,,12.383333333333333
2023-02-12,2023-02-12T08:14:18,201.56215,43,Strength training,10.052599609375,2193,135,178,250.754,-1.0,1007.75,131.23333333333332
2023-02-12,2023-02-12T21:06:29,59.37043333333333,66,Group exercise,0.0,221,95,129,21.8162,-1.0,,1.75
2023-02-14,2023-02-14T13:20:06,62.62253333333334,15,Other indoor,0.0,434,108,148,36.4596,-1.0,,4.066666666666666
2023-02-15,2023-02-15T17:18:55,72.65793333333333,15,Other indoor,0.0,586,116,152,52.3082,-1.0,,7.033333333333333
2023-02-18,2023-02-18T10:41:51,98.77465,43,Strength training,4.1882998046875,1089,135,176,126.337,-1.0,,19.116666666666667
2023-02-19,2023-02-19T11:12:47,114.63291666666667,43,Strength training,7.1157001953125,1153,135,181,132.662,-1.0,,22.883333333333333
2023-02-21,2023-02-21T20:44:19,84.06635,43,Strength training,3.157800048828125,828,127,171,82.832,-1.0,,11.416666666666666
2023-02-25,2023-02-25T10:13:46,122.66208333333333,43,Strength training,4.615,1339,134,177,149.063,-1.0,490.6,25.716666666666665
2023-02-26,2023-02-26T10:15:38,117.704,43,Strength training,3.759,1077,121,172,103.902,-1.0,,14.583333333333334
2023-02-28,2023-02-28T20:11:03,204.59378333333333,43,Strength training,27.813900390625,1584,112,160,133.652,-1.0,,18.583333333333332
2023-03-04,2023-03-04T10:12:45,72.57045,43,Strength training,0.76,392,110,140,33.8436,-1.0,,3.216666666666667
2023-03-04,2023-03-04T12:29:16,93.78918333333333,43,Strength training,3.095,634,113,149,56.9558,-1.0,,6.566666666666666
2023-03-05,2023-03-05T09:07:25,103.91838333333334,43,Strength training,3.51410009765625,727,114,142,61.7711,-1.0,,7.283333333333333
2023-03-05,2023-03-05T12:03:11,145.49128333333334,43,Strength training,4.019,1310,125,164,133.988,-1.0,,21.483333333333334
2023-03-07,2023-03-07T20:19:42,95.01421666666667,43,Strength training,4.22389990234375,891,127,169,93.4722,-1.0,,13.266666666666667
2023-03-08,2023-03-08T20:57:37,76.64545,66,Group exercise,0.0,256,87,132,23.2591,-1.0,,1.0666666666666667
2023-03-18,2023-03-18T10:25:17,112.50378333333333,1,Running,3.627199951171875,938,122,173,94.1673,-1.0,,12.166666666666666
2023-03-21,2023-03-21T21:12:44,68.74963333333334,15,Other indoor,0.0,609,124,155,65.1236,-1.0,,8.95
2023-03-25,2023-03-25T10:29:17,29.780866666666668,11,,2.38510009765625,242,112,144,18.9992,-1.0,,1.9833333333333334
2023-03-26,2023-03-26T11:13:35,160.30196666666666,43,Strength training,5.7242001953125,1330,123,169,130.511,-1.0,,19.583333333333332
2023-03-29,2023-03-29T18:49:20,90.39961666666666,15,Other indoor,0.0,696,116,172,69.7747,-1.0,,9.366666666666667
2023-04-01,2023-04-01T10:28:33,100.42463333333333,43,Strength training,3.592300048828125,1059,139,184,136.604,-1.0,,24.2
2023-04-02,2023-04-02T09:57:50,125.48295,43,Strength training,4.2467001953125,1271,134,173,148.86,-1.0,,25.65
2023-04-03,2023-04-03T19:48:43,62.4642,66,Group exercise,0.0,217,87,141,19.6453,-1.0,,1.0
2023-04-09,2023-04-09T07:46:38,116.34566666666667,43,Strength training,4.4045,1022,123,179,106.564,-1.0,,14.833333333333334
2023-04-11,2023-04-11T19:22:41,101.55381666666666,66,Group exercise,0.0,396,90,135,34.6772,-1.0,,2.683333333333333
2023-04-12,2023-04-12T13:25:19,47.52255,111,,0.0,346,114,146,32.9109,-1.0,,3.8
2023-04-15,2023-04-15T10:00:52,126.11628333333333,43,Strength training,6.15910009765625,1178,126,170,125.082,-1.0,,19.033333333333335
2023-04-16,2023-04-16T10:23:25,103.30586666666666,43,Strength training,5.2267998046875,827,117,157,76.1179,-1.0,,9.866666666666667
2023-04-18,2023-04-18T20:30:07,73.44958333333334,15,Other indoor,0.0,657,125,155,69.8349,-1.0,,9.766666666666667
2023-04-19,2023-04-19T20:38:54,28.47045,17,Hiking,5.2735,392,155,169,55.2623,-1.0,,6.15
2023-04-21,2023-04-21T07:11:49,81.54126666666667,15,Other indoor,0.0,538,106,151,44.4905,-1.0,407.66666,5.083333333333333
2023-04-25,2023-04-25T18:06:46,92.6413,15,Other indoor,0.0,738,120,148,72.3429,-1.0,,10.433333333333334
2023-04-26,2023-04-26T09:10:11,84.56841666666666,15,Other indoor,0.0,469,100,155,40.8434,-1.0,,3.85
2023-04-29,2023-04-29T08:21:02,119.79753333333333,43,Strength training,4.5207998046875,1159,129,169,127.048,-1.0,,19.516666666666666
2023-04-29,2023-04-29T20:05:46,63.789183333333334,66,Group exercise,0.0,196,97,124,,-1.0,,0.2833333333333333
2023-04-30,2023-04-30T07:59:16,136.80618333333334,43,Strength training,4.7575,1361,135,179,170.295,-1.0,,32.05
2023-05-04,2023-05-04T09:57:15,72.00586666666666,15,Other indoor,0.0,574,117,161,54.8372,-1.0,144.0,7.216666666666667
2023-05-04,2023-05-04T11:10:41,20.441266666666667,17,Hiking,3.56939990234375,244,156,183,41.031,-1.0,143.03334,4.333333333333333
2023-05-06,2023-05-06T10:01:50,123.04336666666667,43,Strength training,4.7267998046875,1228,132,167,145.413,-1.0,492.13333,23.55
2023-05-07,2023-05-07T09:22:50,208.34545,43,Strength training,7.803,1936,126,183,214.81,-1.0,,54.666666666666664
2023-05-09,2023-05-09T20:12:04,74.63295,15,Other indoor,0.0,629,119,176,62.9679,-1.0,,8.483333333333333
2023-05-11,2023-05-11T08:50:00,73.38921666666667,15,Other indoor,0.0,399,98,140,31.6335,-1.0,,2.65
2023-05-25,2023-05-25T19:58:58,126.76421666666667,47,Core,3.990199951171875,1227,125,165,118.175,-1.0,,17.983333333333334
2023-05-27,2023-05-27T09:56:46,142.81003333333334,47,Core,2.95039990234375,1167,118,178,112.051,-1.0,,15.466666666666667
2023-05-28,2023-05-28T10:11:18,78.56003333333334,47,Core,1.628699951171875,477,123,160,44.1714,-1.0,,4.65
2023-06-03,2023-06-03T10:23:45,97.37885,47,Core,5.3085,1005,130,165,103.507,-1.0,,15.216666666666667
2023-06-05,2023-06-05T19:46:35,62.48506666666667,66,Group exercise,0.0,133,73,103,9.40485,-1.0,124.96667,0.08333333333333333
2023-06-08,2023-06-08T08:53:28,16.30585,17,Hiking,3.032300048828125,232,153,169,30.0305,-1.0,,3.183333333333333
2023-06-20,2023-06-20T15:26:29,68.08918333333334,15,Other indoor,0.0,509,109,146,42.9663,-1.0,,4.916666666666667
2023-06-23,2023-06-23T18:43:03,83.37045,15,Other indoor,0.0,547,103,147,41.0716,-1.0,,4.416666666666667
2023-06-28,2023-06-28T08:36:16,83.27668333333334,15,Other indoor,0.0,685,116,169,68.7223,-1.0,,8.633333333333333
2023-07-01,2023-07-01T08:57:26,80.41966666666667,15,Other indoor,0.0,621,112,145,51.2777,-1.0,402.08334,6.666666666666667
2023-07-02,2023-07-02T08:03:14,238.99126666666666,43,Strength training,6.8397001953125,2530,131,174,267.994,-1.0,1433.9,138.46666666666667
2023-07-06,2023-07-06T10:59:05,88.42463333333333,15,Other indoor,0.0,738,116,159,65.7025,-1.0,,8.783333333333333
2023-07-07,2023-07-07T07:44:32,24.8017,19,Road running,5.01939990234375,389,161,171,54.1874,-1.0,124.0,5.816666666666666
2023-07-08,2023-07-08T13:10:33,45.37878333333333,126,Functional training,0.0,222,94,134,17.06,-1.0,,0.9333333333333333
2023-07-09,2023-07-09T08:34:43,23.743366666666667,36,Mountain biking,2.14460009765625,310,147,188,41.6343,-1.0,213.6,4.45
2023-07-09,2023-07-09T08:59:29,188.08293333333333,47,Core,6.93460009765625,1947,131,186,220.16,-1.0,1128.4,58.46666666666667
2023-07-11,2023-07-11T06:21:26,24.8892,19,Road running,5.02589990234375,377,158,169,51.1128,-1.0,124.416664,5.516666666666667
2023-07-11,2023-07-11T21:43:37,57.11835,66,Group exercise,0.0,213,89,132,18.7708,-1.0,,1.0
2023-07-12,2023-07-12T08:34:10,79.29958333333333,15,Other indoor,0.0,641,115,165,57.99,-1.0,,7.483333333333333
2023-07-13,2023-07-13T08:25:31,77.54753333333333,126,Functional training,0.0,326,89,126,24.3351,-1.0,,1.05
2023-07-15,2023-07-15T10:24:59,99.51625,47,Core,3.251,1076,133,174,116.89,-1.0,398.0,17.933333333333334
2023-07-16,2023-07-16T10:16:46,127.91418333333333,47,Core,3.722699951171875,1343,131,180,145.699,-1.0,,23.783333333333335
2023-07-19,2023-07-19T06:17:36,24.478783333333332,19,Road running,5.0435,341,150,169,42.501,-1.0,122.333336,4.716666666666667
2023-07-20,2023-07-20T08:21:52,117.14961666666666,15,Other indoor,0.0,859,110,156,73.8443,-1.0,468.53333,9.55
2023-07-21,2023-07-21T06:12:52,22.412116666666666,36,Mountain biking,4.18560009765625,287,155,190,44.7461,-1.0,156.8,4.716666666666667
2023-07-21,2023-07-21T08:06:32,49.65378333333334,126,Functional training,0.0,281,99,141,21.9025,-1.0,,1.7833333333333334
2023-07-22,2023-07-22T10:01:01,131.24751666666666,47,Core,3.808699951171875,1130,118,166,112.87,-1.0,,15.533333333333333
2023-07-23,2023-07-23T08:54:19,200.49338333333333,47,Core,4.7582998046875,1751,117,171,156.282,-1.0,,24.033333333333335
2023-07-25,2023-07-25T07:07:37,64.45376666666667,15,Other indoor,0.0,514,113,152,44.4707,-1.0,257.8,5.5
2023-07-25,2023-07-25T08:12:54,25.251683333333332,17,Hiking,5.1107998046875,387,159,175,53.2867,-1.0,176.75,5.766666666666667
2023-07-26,2023-07-26T10:17:49,80.74958333333333,126,Functional training,0.0,555,109,147,48.98,-1.0,,5.533333333333333
2023-07-27,2023-07-27T20:00:45,58.53086666666667,66,Group exercise,0.0,179,85,126,15.6624,-1.0,,0.43333333333333335
2023-07-29,2023-07-29T08:27:37,120.38916666666667,43,Strength training,4.852,1182,126,174,117.583,-1.0,601.9167,17.566666666666666
2023-07-29,2023-07-29T18:01:17,107.57045,43,Strength training,3.09760009765625,1147,132,174,119.855,-1.0,430.26666,18.85
2023-07-30,2023-07-30T08:02:43,118.03501666666666,43,Strength training,4.60060009765625,1004,116,163,90.4638,-1.0,472.13333,11.766666666666667
2023-07-31,2023-07-31T21:53:05,56.14543333333334,15,Other indoor,0.0,463,116,154,41.2633,-1.0,168.4,5.2
2023-08-01,2023-08-01T13:24:49,27.316283333333335,19,Road running,5.0397001953125,416,159,176,56.4773,-1.0,81.9,6.3
2023-08-01,2023-08-01T14:28:38,38.480866666666664,126,Functional training,0.0,273,109,148,23.0131,-1.0,,2.466666666666667
2023-08-02,2023-08-02T09:03:29,73.02878333333334,15,Other indoor,0.0,518,107,159,43.6678,-1.0,,4.733333333333333
2023-08-04,2023-08-04T08:45:15,59.5163,15,Other indoor,0.0,446,109,160,36.6024,-1.0,,4.166666666666667
2023-08-04,2023-08-04T09:45:45,21.092433333333332,17,Hiking,3.13910009765625,248,151,177,38.119,-1.0,168.66667,4.133333333333334
2023-08-04,2023-08-04T15:11:31,142.25796666666668,66,Group exercise,0.0,359,83,125,27.5081,-1.0,284.5,0.3
2023-08-05,2023-08-05T09:59:42,133.11005,43,Strength training,3.968699951171875,1292,124,174,131.731,-1.0,532.4,19.55
2023-08-06,2023-08-06T08:43:41,230.56208333333333,43,Strength training,6.2822001953125,2257,125,174,227.835,-1.0,,59.31666666666667
2023-08-06,2023-08-06T14:16:56,86.4371,43,Strength training,2.993,927,134,168,103.178,-1.0,,15.05
2023-08-07,2023-08-07T20:07:49,65.69673333333333,66,Group exercise,0.0,348,101,144,32.4184,-1.0,,3.033333333333333
2023-08-08,2023-08-08T20:49:23,49.745416666666664,15,Other indoor,0.0,308,102,170,25.4485,-1.0,198.93333,2.3
2023-08-09,2023-08-09T10:18:02,63.84543333333333,15,Other indoor,0.0,510,114,160,46.0219,-1.0,255.33333,5.7
2023-08-12,2023-08-12T10:00:39,128.53088333333332,43,Strength training,3.88560009765625,1315,129,175,141.976,-1.0,,22.65
2023-08-12,2023-08-12T17:39:38,21.70805,15,Other indoor,0.0,156,107,159,12.9326,-1.0,,1.0833333333333333
2023-08-13,2023-08-13T08:25:57,94.82461666666667,43,Strength training,4.06310009765625,952,126,168,93.1883,-1.0,,13.133333333333333
2023-08-13,2023-08-13T10:44:47,87.46005,43,Strength training,3.073300048828125,955,134,180,104.975,-1.0,437.25,15.533333333333333
2023-08-14,2023-08-14T20:17:56,53.33506666666667,66,Group exercise,0.0,212,90,141,18.6958,-1.0,,1.0
2023-08-15,2023-08-15T09:40:13,94.62045,15,Other indoor,0.0,779,117,182,79.6285,-1.0,,10.383333333333333
2023-08-15,2023-08-15T18:59:41,20.71216666666667,19,Road running,3.764,285,154,179,40.0176,-1.0,103.5,4.316666666666666
2023-08-16,2023-08-16T06:59:21,21.1267,19,Road running,1.458199951171875,207,130,172,21.9376,-1.0,63.35,2.566666666666667
2023-08-16,2023-08-16T07:47:40,105.8663,126,Functional training,0.0,550,96,159,43.7852,-1.0,,3.816666666666667
2023-08-17,2023-08-17T07:40:46,52.7371,15,Other indoor,0.0,411,112,150,35.0806,-1.0,,4.1
2023-08-18,2023-08-18T07:19:16,50.224583333333335,15,Other indoor,0.0,331,103,159,26.0128,-1.0,200.86667,2.4833333333333334
2023-08-19,2023-08-19T10:36:38,93.02463333333333,43,Strength training,3.911699951171875,1043,136,184,119.926,-1.0,,17.816666666666666
2023-08-22,2023-08-22T09:39:34,90.37045,15,Other indoor,0.0,720,113,141,59.429,-1.0,632.56665,7.883333333333334
2023-08-23,2023-08-23T07:49:13,82.93918333333333,15,Other indoor,0.0,742,121,153,69.8642,-1.0,331.73334,9.766666666666667
2023-08-23,2023-08-23T09:14:05,23.772516666666668,1,Running,3.614699951171875,319,153,180,44.9875,-1.0,118.833336,4.9
2023-08-24,2023-08-24T09:24:22,67.81836666666666,1,Running,2.622,648,125,169,65.0696,-1.0,271.26666,8.366666666666667
2023-08-24,2023-08-24T20:33:22,43.65378333333334,66,Group exercise,0.0,206,92,140,15.8771,-1.0,,0.7333333333333333
2023-08-25,2023-08-25T07:17:54,57.514183333333335,15,Other indoor,0.0,338,99,147,25.8462,-1.0,287.5,2.2
2023-08-26,2023-08-26T07:45:20,139.72463333333334,11,,7.4367998046875,1132,110,136,86.4648,-1.0,419.15,10.7
2023-08-26,2023-08-26T10:25:35,112.83715,43,Strength training,4.021699951171875,1132,128,168,118.39,-1.0,451.33334,17.966666666666665
2023-08-27,2023-08-27T08:47:57,127.30795,43,Strength training,1.6714000244140625,709,110,155,56.8241,-1.0,,5.833333333333333
2023-08-29,2023-08-29T10:31:14,60.4996,15,Other indoor,0.0,452,111,150,39.286,-1.0,,4.533333333333333
2023-08-31,2023-08-31T18:49:52,71.04751666666667,66,Group exercise,0.0,205,83,129,17.7101,-1.0,,0.38333333333333336
2023-09-02,2023-09-02T07:01:16,124.94751666666667,43,Strength training,4.2722998046875,1323,135,181,151.534,-1.0,,29.966666666666665
2023-09-02,2023-09-02T10:35:35,89.4996,43,Strength training,3.433699951171875,1104,150,189,154.197,-1.0,,34.6
2023-09-02,2023-09-02T13:29:56,108.93408333333333,43,Strength training,4.4132001953125,1336,149,191,189.588,-1.0,,65.91666666666667
2023-09-03,2023-09-03T12:04:17,101.62043333333334,43,Strength training,3.06189990234375,1000,127,177,106.443,-1.0,,14.866666666666667
2023-09-03,2023-09-03T13:48:03,84.92668333333333,43,Strength training,3.19389990234375,965,141,189,119.969,-1.0,,21.6
2023-09-05,2023-09-05T09:30:50,81.48711666666667,15,Other indoor,0.0,631,112,140,53.8421,-1.0,407.41666,6.816666666666666
2023-09-05,2023-09-05T20:14:58,82.9267,66,Group exercise,0.0,213,81,113,18.2698,-1.0,165.83333,0.26666666666666666
2023-09-10,2023-09-10T08:18:43,124.34961666666666,43,Strength training,3.44339990234375,1162,123,162,112.388,-1.0,497.33334,16.35
2023-09-12,2023-09-12T10:17:51,114.8809,15,Other indoor,0.0,930,117,160,91.2511,-1.0,459.46667,12.683333333333334
2023-09-12,2023-09-12T18:55:26,77.8392,1,Running,2.212800048828125,643,115,177,59.5408,-1.0,544.8333,7.1
2023-09-13,2023-09-13T19:24:23,96.08295,36,Mountain biking,2.93589990234375,920,124,166,89.4716,-1.0,480.33334,11.6
2023-09-16,2023-09-16T09:58:22,306.1100333333333,43,Strength training,7.9917001953125,3335,136,183,383.485,-1.0,,200.76666666666668
2023-09-17,2023-09-17T08:32:20,342.92671666666666,43,Strength training,8.6835,3313,124,178,321.812,-1.0,2743.3333,162.11666666666667
2023-09-20,2023-09-20T11:31:21,86.29755,15,Other indoor,0.0,694,117,167,66.8076,-1.0,345.13333,8.833333333333334
2023-09-21,2023-09-21T20:29:42,64.4871,66,Group exercise,0.0,256,89,138,22.8378,-1.0,,1.6
2023-09-21,2023-09-21T09:04:31,35.649633333333334,126,Functional training,0.0,177,95,134,13.8705,-1.0,,0.7666666666666667
2023-09-21,2023-09-21T08:18:36,19.7122,1,Running,3.465300048828125,242,148,179,33.9254,-1.0,,3.6333333333333333
2023-09-23,2023-09-23T09:59:45,127.19958333333334,43,Strength training,4.47339990234375,1297,129,189,135.774,-1.0,508.73334,22.866666666666667
2023-09-24,2023-09-24T08:00:17,111.98921666666666,43,Strength training,1.487800048828125,775,107,149,63.5901,-1.0,447.93332,7.083333333333333
2023-09-26,2023-09-26T19:49:25,83.15586666666667,15,Other indoor,0.0,650,112,145,54.3878,-1.0,,6.766666666666667
2023-09-27,2023-09-27T11:49:00,53.8496,15,Other indoor,0.0,381,110,160,30.5522,-1.0,,4.016666666666667
2023-09-27,2023-09-27T12:44:40,35.33945,36,Mountain biking,3.93510009765625,411,141,183,53.5086,-1.0,212.0,6.066666666666666
2023-10-01,2023-10-01T08:25:30,211.7788,43,Strength training,5.10739990234375,1820,120,190,192.311,-1.0,,40.75
2023-10-07,2023-10-07T10:50:19,91.37045,43,Strength training,3.25210009765625,1021,135,173,112.441,-1.0,,16.883333333333333
2023-10-08,2023-10-08T09:52:38,172.49335,43,Strength training,5.966,1620,125,179,171.912,-1.0,,30.783333333333335
2023-10-10,2023-10-10T12:21:03,72.76211666666667,15,Other indoor,0.0,590,117,161,57.2122,-1.0,,7.283333333333333
2023-10-11,2023-10-11T08:26:44,56.7142,36,Mountain biking,4.2235,598,132,168,68.9056,-1.0,170.1,8.416666666666666
2023-10-13,2023-10-13T08:54:42,112.36445,43,Strength training,4.015,1403,148,188,187.055,-1.0,,54.916666666666664
2023-10-13,2023-10-13T13:55:22,97.53086666666667,43,Strength training,3.6975,1219,149,182,166.167,-1.0,,36.65
2023-10-14,2023-10-14T11:54:58,137.21006666666668,43,Strength training,4.46939990234375,1513,136,184,176.945,-1.0,,37.3
2023-10-15,2023-10-15T09:15:45,94.71626666666667,43,Strength training,3.07,900,125,180,89.0878,-1.0,,12.816666666666666
2023-10-15,2023-10-15T14:03:15,99.99543333333334,43,Strength training,3.715,1024,131,181,113.174,-1.0,,16.9
2023-10-16,2023-10-16T08:50:50,132.64961666666667,43,Strength training,3.702,1147,117,169,100.706,-1.0,,13.85
2023-10-24,2023-10-24T11:19:18,71.93505,15,Other indoor,0.0,596,117,155,54.2929,-1.0,,6.966666666666667
2023-10-26,2023-10-26T11:55:10,66.15795,15,Other indoor,0.0,641,128,158,67.1759,-1.0,,9.683333333333334
2023-10-31,2023-10-31T10:49:03,121.05798333333334,15,Other indoor,0.0,797,105,143,65.6855,-1.0,,7.516666666666667
2023-11-01,2023-11-01T17:39:34,118.08715,15,Other indoor,0.0,758,102,137,58.8157,-1.0,,6.25
2023-11-02,2023-11-02T19:43:29,74.62671666666667,15,Other indoor,0.0,666,121,155,65.2519,-1.0,,8.85
2023-11-04,2023-11-04T20:29:51,58.785016666666664,66,Group exercise,0.0,174,86,125,16.2772,-1.0,,0.43333333333333335
2023-11-05,2023-11-05T10:06:32,123.85583333333334,43,Strength training,6.8655,1451,142,178,180.531,-1.0,,38.43333333333333
2023-12-06,2023-12-06T18:14:50,54.12251666666667,15,Other indoor,0.0,243,91,126,17.935,-1.0,,0.9833333333333333
2023-12-07,2023-12-07T05:33:21,14.7496,1,Running,2.841699951171875,194,145,168,23.7456,-1.0,,2.433333333333333
2023-12-15,2023-12-15T11:55:58,60.44128333333333,15,Other indoor,0.0,448,111,153,37.4284,-1.0,,4.566666666666666
2023-12-15,2023-12-15T13:00:42,27.58503333333333,17,Hiking,5.1197998046875,451,170,187,75.1271,-1.0,,13.466666666666667
2023-12-16,2023-12-16T11:12:05,53.049616666666665,47,Core,2.39189990234375,417,109,139,32.2715,-1.0,,3.6166666666666667
2023-12-17,2023-12-17T21:49:41,55.15796666666667,66,Group exercise,0.0,176,84,134,14.7505,-1.0,,0.4166666666666667
2023-12-20,2023-12-20T17:29:45,58.62255,15,Other indoor,0.0,423,106,149,33.3385,-1.0,,3.6166666666666667
2023-12-22,2023-12-22T11:03:03,39.43501666666667,15,Other indoor,0.0,335,120,155,32.2241,-1.0,,3.933333333333333
2023-12-23,2023-12-23T14:48:59,49.174616666666665,15,Other indoor,0.0,275,98,137,21.6814,-1.0,,1.6833333333333333
2023-12-25,2023-12-25T15:42:51,112.82253333333334,12,Swimming,0.0,970,116,152,84.1934,-1.0,,10.916666666666666
2023-12-25,2023-12-25T10:36:08,26.36005,19,Road running,5.04610009765625,435,167,192,70.6685,-1.0,,11.383333333333333
2023-12-26,2023-12-26T12:31:15,105.4517,15,Other indoor,0.0,582,98,125,42.9633,-1.0,,3.9166666666666665
2023-12-28,2023-12-28T07:13:01,87.6017,15,Other indoor,0.0,766,122,159,73.1518,-1.0,,10.55
2023-12-31,2023-12-31T08:04:17,150.60795,15,Other indoor,0.0,811,95,137,59.7387,-1.0,,5.233333333333333
2024-01-01,2024-01-01T10:10:59,25.678766666666668,36,Mountain biking,5.0187998046875,354,149,168,43.5941,-1.0,,4.933333333333334
2024-01-02,2024-01-02T13:55:48,196.78501666666668,11,,21.8845,1064,94,137,75.4323,-1.0,787.13336,6.416666666666667
2024-01-08,2024-01-08T09:21:23,57.9121,15,Other indoor,0.0,435,111,161,38.6629,-1.0,,4.4
2024-01-09,2024-01-09T07:54:07,96.29126666666667,15,Other indoor,0.0,759,119,154,73.3624,-1.0,,10.15
2024-01-10,2024-01-10T07:10:14,30.310016666666666,1,Running,5.00939990234375,418,151,171,54.1618,-1.0,,6.166666666666667
2024-01-11,2024-01-11T12:33:16,100.26753333333333,15,Other indoor,0.0,931,125,176,97.2884,-1.0,,15.05
2024-01-12,2024-01-12T08:13:38,92.99126666666666,15,Other indoor,0.0,811,120,156,77.8303,-1.0,,11.016666666666667
2024-01-13,2024-01-13T08:55:34,25.27255,19,Road running,5.1437001953125,389,160,178,55.1522,-1.0,,6.033333333333333
2024-01-14,2024-01-14T09:12:19,79.95793333333333,47,Core,3.66839990234375,771,126,168,76.5167,-1.0,,10.45
2024-01-14,2024-01-14T20:30:22,88.2621,64,,0.0,207,79,130,17.2529,-1.0,,0.2833333333333333
2024-01-15,2024-01-15T06:47:37,33.19545,36,Mountain biking,3.91189990234375,396,141,182,49.7639,-1.0,,5.766666666666667
2024-01-16,2024-01-16T07:01:26,66.86421666666666,15,Other indoor,0.0,466,109,166,40.9164,-1.0,,4.8
2024-01-17,2024-01-17T07:14:07,29.360033333333334,36,Mountain biking,4.797,415,160,181,64.9796,-1.0,146.75,7.733333333333333
2024-01-18,2024-01-18T18:29:58,35.46423333333333,38,Road cycling,5.9992998046875,375,132,169,39.1282,-1.0,248.15,4.8
2024-01-19,2024-01-19T20:03:15,116.71626666666667,43,Strength training,2.15539990234375,968,118,162,90.7142,-1.0,,12.416666666666666
2024-01-20,2024-01-20T07:43:52,405.68711666666667,43,Strength training,8.2905,3556,119,169,328.553,-1.0,,158.4
2024-01-21,2024-01-21T09:25:42,177.13941666666668,43,Strength training,4.8887001953125,1666,126,182,167.544,-1.0,,32.31666666666667
2024-01-21,2024-01-21T19:24:01,72.12878333333333,66,Group exercise,0.0,234,87,121,19.6122,-1.0,,0.5
2024-01-24,2024-01-24T08:03:23,99.42461666666667,15,Other indoor,0.0,709,109,148,62.2334,-1.0,298.25,7.416666666666667
2024-01-26,2024-01-26T09:25:28,62.22045,15,Other indoor,0.0,430,107,138,35.4168,-1.0,,3.8666666666666667
2024-01-26,2024-01-26T10:28:30,24.23293333333333,17,Hiking,4.51439990234375,362,157,168,50.6361,-1.0,96.86667,5.3
2024-01-27,2024-01-27T08:59:24,285.7662833333333,47,Core,8.086,2749,127,185,297.783,-1.0,,148.4
2024-01-28,2024-01-28T11:22:13,131.15585,47,Core,3.126199951171875,1066,116,166,97.3493,-1.0,,13.166666666666666
2024-01-28,2024-01-28T15:07:50,56.699933333333334,47,Core,2.14689990234375,571,129,181,60.1233,-1.0,,7.85
2024-01-30,2024-01-30T17:07:51,96.77668333333334,15,Other indoor,0.0,607,106,149,53.8418,-1.0,,6.433333333333334
2024-01-31,2024-01-31T07:51:47,84.99133333333333,15,Other indoor,0.0,647,112,156,59.0202,-1.0,,7.15
2024-02-01,2024-02-01T19:13:10,86.97043333333333,66,Group exercise,0.0,404,97,148,36.0107,-1.0,,3.183333333333333
2024-02-02,2024-02-02T06:30:40,54.32253333333333,15,Other indoor,0.0,428,114,145,38.0053,-1.0,,4.616666666666666
2024-02-03,2024-02-03T10:16:42,113.86211666666667,47,Core,4.12460009765625,1135,131,179,123.927,-1.0,,19.483333333333334
2024-02-04,2024-02-04T11:27:42,175.52253333333334,47,Core,4.7237998046875,1641,124,170,168.922,-1.0,,29.116666666666667
2024-02-04,2024-02-04T09:51:27,62.9062,47,Core,1.874,497,116,160,44.9737,-1.0,,5.333333333333333
2024-02-05,2024-02-05T08:19:11,47.54546666666667,38,Road cycling,14.189400390625,379,120,147,33.1466,-1.0,,3.65
2024-02-06,2024-02-06T11:05:58,57.910016666666664,15,Other indoor,0.0,422,110,136,35.2869,-1.0,231.6,4.2
2024-02-08,2024-02-08T07:24:29,162.6746,15,Other indoor,0.0,967,100,150,82.9886,-1.0,,9.8
2024-02-10,2024-02-10T08:11:08,110.76418333333334,43,Strength training,4.005699951171875,1015,123,167,100.499,-1.0,,14.216666666666667
2024-02-11,2024-02-11T21:02:29,56.789183333333334,66,Group exercise,0.0,333,109,139,33.7596,-1.0,,3.566666666666667
2024-02-13,2024-02-13T15:30:42,84.03086666666667,15,Other indoor,0.0,650,113,151,59.2094,-1.0,504.1,7.466666666666667
2024-02-17,2024-02-17T07:08:44,149.03503333333333,43,Strength training,5.3355,1386,123,169,135.677,-1.0,,21.066666666666666
2024-02-18,2024-02-18T10:55:31,68.36001666666667,43,Strength training,3.2805,732,136,177,82.3913,-1.0,,11.85
2024-02-18,2024-02-18T07:44:30,111.36221666666667,43,Strength training,3.753800048828125,1083,128,177,114.318,-1.0,,17.366666666666667
2024-02-19,2024-02-19T17:32:27,82.54961666666667,15,Other indoor,0.0,607,111,148,54.4515,-1.0,,6.633333333333334
2024-02-20,2024-02-20T19:52:06,79.62251666666667,66,Group exercise,0.0,298,90,138,27.6424,-1.0,,1.7666666666666666
2024-02-24,2024-02-24T07:07:33,156.99961666666667,43,Strength training,5.33360009765625,1401,122,175,140.251,-1.0,,21.55
2024-02-24,2024-02-24T11:23:01,157.16003333333333,43,Strength training,3.02389990234375,1457,123,163,140.981,-1.0,,22.316666666666666
2024-02-25,2024-02-25T10:11:57,203.43295,43,Strength training,4.80489990234375,2072,131,183,223.309,-1.0,,70.36666666666666
2024-02-28,2024-02-28T18:41:51,62.74753333333334,66,Group exercise,0.0,327,102,139,31.1644,-1.0,,2.9833333333333334
2024-02-28,2024-02-28T09:50:14,67.9059,15,Other indoor,0.0,483,110,142,40.4367,-1.0,,4.683333333333334
2024-02-29,2024-02-29T11:24:09,13.903766666666666,36,Mountain biking,0.2595,101,112,138,8.80979,-1.0,27.8,0.7
2024-02-29,2024-02-29T11:17:48,4.472533333333334,36,Mountain biking,1.029300048828125,64,159,171,9.70539,-1.0,8.933333,0.6
2024-03-02,2024-03-02T07:00:55,104.67275,43,Strength training,3.3855,937,122,172,92.4131,-1.0,418.66666,12.95
2024-03-02,2024-03-02T09:37:26,63.26005,43,Strength training,2.6555,676,133,184,74.3016,-1.0,253.0,9.983333333333333
2024-03-02,2024-03-02T13:33:13,111.85798333333334,43,Strength training,3.03510009765625,1075,125,173,108.091,-1.0,447.4,15.466666666666667
2024-03-03,2024-03-03T09:13:45,107.41208333333333,43,Strength training,3.192800048828125,1095,130,179,115.914,-1.0,,17.633333333333333
2024-03-03,2024-03-03T12:03:38,83.84336666666667,43,Strength training,2.53089990234375,895,134,183,100.816,-1.0,,14.933333333333334
2024-03-03,2024-03-03T15:25:27,101.2267,43,Strength training,3.526,1069,136,180,127.106,-1.0,,20.216666666666665
2024-03-06,2024-03-06T16:47:08,78.4663,15,Other indoor,0.0,503,109,154,45.5434,-1.0,,5.283333333333333
2024-03-07,2024-03-07T20:30:26,92.89545,43,Strength training,4.34389990234375,928,130,179,100.885,-1.0,,14.616666666666667
2024-03-11,2024-03-11T16:48:30,77.30378333333333,15,Other indoor,0.0,556,112,150,48.8199,-1.0,,6.1
2024-03-12,2024-03-12T07:15:33,40.062133333333335,36,Mountain biking,7.18660009765625,455,145,177,64.4895,-1.0,240.3,7.583333333333333
2024-03-13,2024-03-13T12:14:13,68.43501666666667,15,Other indoor,0.0,563,116,147,51.5647,-1.0,,6.566666666666666
2024-03-13,2024-03-13T20:08:32,112.77876666666667,43,Strength training,4.03139990234375,1084,126,173,112.482,-1.0,,16.85
2024-03-15,2024-03-15T21:11:50,75.18291666666667,64,,0.0,391,102,149,37.2402,-1.0,,3.7666666666666666
2024-03-16,2024-03-16T06:59:42,190.2163,43,Strength training,4.026199951171875,1539,118,167,149.846,-1.0,,22.733333333333334
2024-03-17,2024-03-17T08:20:26,77.04751666666667,43,Strength training,2.11260009765625,503,107,163,42.1787,-1.0,,4.733333333333333
2024-03-19,2024-03-19T08:02:24,55.155833333333334,15,Other indoor,0.0,356,104,130,29.0942,-1.0,,3.0166666666666666
2024-03-20,2024-03-20T20:14:35,103.36416666666666,43,Strength training,4.75860009765625,831,123,178,87.242,-1.0,,11.183333333333334
2024-03-22,2024-03-22T19:29:36,149.46418333333332,43,Strength training,12.533400390625,1193,117,157,104.791,-1.0,448.35,14.616666666666667
2024-03-23,2024-03-23T07:27:45,160.41835,43,Strength training,3.98860009765625,1284,114,166,118.079,-1.0,,15.983333333333333
2024-03-24,2024-03-24T07:13:11,138.38918333333334,43,Strength training,3.575199951171875,994,109,167,88.5437,-1.0,,10.95
2024-03-24,2024-03-24T11:41:39,94.65376666666667,43,Strength training,2.08360009765625,836,119,168,76.1727,-1.0,,10.133333333333333
2024-03-24,2024-03-24T14:29:40,96.60793333333334,43,Strength training,2.91810009765625,864,122,175,87.0967,-1.0,,11.75
2024-03-25,2024-03-25T08:55:19,128.43088333333333,43,Strength training,3.8845,1088,116,168,98.1081,-1.0,,13.183333333333334
2024-03-26,2024-03-26T07:50:47,102.73086666666667,15,Other indoor,0.0,698,104,152,59.3685,-1.0,,6.883333333333334
2024-03-27,2024-03-27T18:48:59,73.08293333333333,126,Functional training,0.0,385,100,155,33.1449,-1.0,,3.033333333333333
2024-03-28,2024-03-28T14:01:44,50.46746666666667,15,Other indoor,0.0,336,106,152,28.2555,-1.0,,2.8833333333333333
2024-03-28,2024-03-28T20:12:40,72.77253333333333,66,Group exercise,0.0,279,90,132,25.1873,-1.0,218.3,1.7
2024-03-30,2024-03-30T07:36:55,24.33295,19,Road running,5.01910009765625,349,157,174,48.9179,-1.0,97.26667,5.35
2024-04-01,2024-04-01T12:33:25,228.0038,38,Road cycling,95.3181015625,2075,121,157,191.98,-1.0,1824.0,27.55
2024-04-03,2024-04-03T21:04:26,69.04963333333333,43,Strength training,3.0625,673,124,164,66.5069,-1.0,207.1,6.5
2024-04-03,2024-04-03T22:17:01,15.753783333333333,36,Mountain biking,2.61739990234375,208,164,186,37.6883,-1.0,94.5,2.933333333333333
2024-04-04,2024-04-04T18:03:31,85.9621,15,Other indoor,0.0,493,98,154,36.813,-1.0,,2.6166666666666667
2024-04-05,2024-04-05T09:02:56,118.9975,15,Other indoor,0.0,924,111,151,77.8718,-1.0,,7.65
2024-04-06,2024-04-06T07:14:24,421.93085,43,Strength training,10.4582998046875,3925,122,184,369.305,-1.0,,132.71666666666667
2024-04-06,2024-04-06T18:23:27,82.20381666666667,66,Group exercise,0.0,353,94,144,31.8424,-1.0,,1.9166666666666667
2024-04-07,2024-04-07T08:12:49,237.9436,43,Strength training,6.35489990234375,2155,118,172,188.701,-1.0,1665.5333,24.183333333333334
2024-04-09,2024-04-09T13:51:40,27.455866666666665,17,Hiking,5.05210009765625,396,150,170,47.709,-1.0,109.8,4.1
2024-04-10,2024-04-10T08:52:10,71.60586666666667,15,Other indoor,0.0,513,106,132,39.6443,-1.0,,3.35
2024-04-10,2024-04-10T20:05:19,104.481,43,Strength training,2.09239990234375,857,113,160,70.7019,-1.0,,6.8
2024-04-12,2024-04-12T19:57:44,69.91628333333334,43,Strength training,1.9804000244140625,645,118,164,55.434,-1.0,,5.4
2024-04-13,2024-04-13T11:11:12,108.55168333333333,43,Strength training,3.48360009765625,885,111,159,72.8865,-1.0,434.2,6.9
2024-04-14,2024-04-14T08:05:30,74.8371,43,Strength training,3.039699951171875,678,120,158,62.8574,-1.0,,6.1
2024-04-15,2024-04-15T11:09:12,71.87045,15,Other indoor,0.0,484,103,143,37.719,-1.0,,3.066666666666667
2024-04-16,2024-04-16T18:07:00,25.595433333333332,36,Mountain biking,5.0165,394,158,167,54.1124,-1.0,,4.4
2024-04-17,2024-04-17T09:00:32,80.5163,15,Other indoor,0.0,626,113,163,53.4233,-1.0,,5.25
2024-04-17,2024-04-17T20:32:25,97.14755,43,Strength training,3.207800048828125,799,119,163,72.5727,-1.0,,6.933333333333334
2024-04-19,2024-04-19T11:23:36,115.27458333333334,15,Other indoor,0.0,785,116,159,79.0117,-1.0,,6.9
2024-04-19,2024-04-19T17:37:05,69.55378333333333,66,Group exercise,0.0,184,79,113,12.6127,-1.0,,0.26666666666666666
2024-04-20,2024-04-20T14:53:36,69.10795,43,Strength training,2.916,714,128,169,70.7724,-1.0,,7.216666666666667
2024-04-20,2024-04-20T08:44:42,208.44546666666668,43,Strength training,6.0667001953125,1650,111,175,140.304,-1.0,,14.15
2024-04-22,2024-04-22T13:25:29,62.72671666666667,15,Other indoor,0.0,418,111,140,34.7091,-1.0,,2.9833333333333334
2024-04-23,2024-04-23T09:45:25,29.664183333333334,36,Mountain biking,5.0452998046875,385,153,177,57.3221,-1.0,148.25,4.833333333333333
2024-04-23,2024-04-23T10:50:06,21.291283333333332,36,Mountain biking,1.0570999755859376,183,119,163,18.164,-1.0,,1.5
2024-04-24,2024-04-24T20:16:30,113.44338333333333,43,Strength training,4.80589990234375,922,116,153,78.3656,-1.0,,7.983333333333333
2024-04-27,2024-04-27T07:25:05,132.21421666666666,43,Strength training,4.2802998046875,1244,121,175,115.715,-1.0,,12.6
2024-04-27,2024-04-27T12:02:37,149.2142,43,Strength training,3.85660009765625,1358,118,169,115.447,-1.0,,12.383333333333333
2024-04-28,2024-04-28T07:11:20,161.87046666666666,43,Strength training,4.10639990234375,1273,110,167,108.203,-1.0,,10.316666666666666
2024-04-28,2024-04-28T19:01:41,120.15796666666667,66,Group exercise,0.0,592,96,139,50.4728,-1.0,,3.683333333333333
2024-04-29,2024-04-29T17:35:27,65.3621,15,Other indoor,0.0,467,108,135,36.7407,-1.0,,3.033333333333333
2024-04-30,2024-04-30T09:04:21,29.295483333333333,15,Other indoor,0.0,207,111,137,17.5768,-1.0,,1.4
2024-05-02,2024-05-02T08:02:29,36.512116666666664,43,Strength training,0.9014000244140625,305,112,153,25.1634,-1.0,,2.1666666666666665
2024-05-03,2024-05-03T07:05:56,77.04276666666667,43,Strength training,2.716,751,121,160,66.7072,-1.0,,6.616666666666666
2024-05-03,2024-05-03T14:35:48,105.21866666666666,43,Strength training,3.629800048828125,1017,122,182,92.1276,-1.0,,9.966666666666667
2024-05-04,2024-05-04T07:04:59,100.88085,43,Strength training,3.983800048828125,976,122,169,90.6709,-1.0,,9.4
2024-05-04,2024-05-04T12:43:59,126.6121,43,Strength training,4.6597998046875,1261,123,163,115.338,-1.0,,12.733333333333333
2024-05-05,2024-05-05T08:45:26,133.26001666666667,43,Strength training,4.004300048828125,1374,125,164,125.815,-1.0,,14.7
2024-05-07,2024-05-07T19:36:51,72.65376666666667,66,Group exercise,0.0,515,113,145,48.7588,-1.0,,4.55
2024-05-07,2024-05-07T08:52:07,73.48916666666666,15,Other indoor,0.0,501,105,161,40.7937,-1.0,,3.316666666666667
2024-05-10,2024-05-10T09:36:06,102.23503333333333,43,Strength training,2.83760009765625,956,119,164,82.0308,-1.0,,8.3
2024-05-18,2024-05-18T08:12:26,118.14158333333333,43,Strength training,4.5607001953125,956,110,160,76.2485,-1.0,,6.966666666666667
2024-05-19,2024-05-19T10:14:13,102.51213333333334,43,Strength training,3.473699951171875,811,110,155,67.0809,-1.0,,5.933333333333334
2024-05-20,2024-05-20T13:38:08,78.08503333333333,15,Other indoor,0.0,562,110,138,46.9635,-1.0,,4.483333333333333
2024-05-21,2024-05-21T18:17:53,26.83295,19,Road running,5.03060009765625,386,149,163,44.1166,-1.0,,4.0
2024-05-22,2024-05-22T09:41:53,99.64338333333333,15,Other indoor,0.0,814,116,151,73.3568,-1.0,,7.283333333333333
2024-05-23,2024-05-23T09:43:44,22.81835,36,Mountain biking,3.659800048828125,262,140,177,33.2622,-1.0,114.083336,2.683333333333333
2024-05-25,2024-05-25T07:31:45,134.08068333333333,43,Strength training,4.9557001953125,1393,127,173,134.103,-1.0,,15.65
2024-05-26,2024-05-26T07:03:42,143.0911,43,Strength training,4.07089990234375,1271,116,167,110.792,-1.0,,11.283333333333333
2024-05-26,2024-05-26T11:07:07,59.555683333333334,43,Strength training,3.194,682,137,172,76.8907,-1.0,,7.633333333333334
2024-05-30,2024-05-30T06:45:37,96.15568333333333,15,Other indoor,0.0,855,119,162,83.0234,-1.0,,8.466666666666667
2024-05-30,2024-05-30T08:22:43,32.14321666666667,17,Hiking,5.0902998046875,478,152,165,58.6485,-1.0,128.53334,5.116666666666666
2024-05-31,2024-05-31T08:25:32,82.63485,15,Other indoor,0.0,546,103,139,41.2317,-1.0,,3.3833333333333333
2024-05-31,2024-05-31T09:49:29,30.832766666666668,36,Mountain biking,5.20160009765625,380,146,175,49.8732,-1.0,184.9,4.333333333333333
2024-06-01,2024-06-01T11:07:25,66.77778333333333,47,Core,2.763699951171875,747,134,165,80.7363,-1.0,,8.116666666666667
2024-06-01,2024-06-01T07:41:11,145.5953,47,Core,5.1582001953125,1580,132,186,161.04,-1.0,,21.083333333333332
2024-06-02,2024-06-02T07:35:59,147.27025,43,Strength training,5.8322998046875,1558,128,169,149.128,-1.0,1178.1333,18.616666666666667
2024-06-02,2024-06-02T11:30:02,27.77445,43,Strength training,1.1035999755859376,290,126,163,27.2151,-1.0,83.3,2.466666666666667
2024-06-04,2024-06-04T07:22:38,68.88695,15,Other indoor,0.0,529,113,155,48.2948,-1.0,,4.416666666666667
2024-06-04,2024-06-04T21:27:59,52.50363333333333,66,Group exercise,0.0,342,104,144,28.1128,-1.0,,2.183333333333333
2024-06-05,2024-06-05T09:54:29,67.30361666666667,36,Mountain biking,1.261,535,114,167,52.4313,-1.0,,4.216666666666667
2024-06-06,2024-06-06T10:28:12,76.39735,66,Group exercise,0.0,337,90,143,26.8545,-1.0,152.76666,1.3833333333333333
2024-06-08,2024-06-08T08:54:22,93.96611666666666,43,Strength training,3.783300048828125,1083,135,172,113.468,-1.0,,12.783333333333333
2024-06-09,2024-06-09T08:21:10,144.4682,43,Strength training,4.3365,1583,130,173,154.337,-1.0,722.3333,20.116666666666667
2024-06-09,2024-06-09T13:39:03,119.34943333333334,43,Strength training,3.25589990234375,1100,117,164,91.301,-1.0,477.33334,9.3
2024-06-10,2024-06-10T08:24:18,131.58725,43,Strength training,4.3282001953125,1302,123,187,122.942,-1.0,,13.7
2024-06-17,2024-06-17T07:11:03,108.38066666666667,15,Other indoor,0.0,774,105,159,62.6332,-1.0,,5.4
2024-06-18,2024-06-18T07:08:29,20.370266666666666,36,Mountain biking,3.359199951171875,261,139,163,27.7473,-1.0,61.1,2.433333333333333
2024-06-19,2024-06-19T09:19:27,47.6911,43,Strength training,0.5287000122070312,300,103,120,,-1.0,,0.4166666666666667
2024-06-21,2024-06-21T07:45:35,44.25983333333333,15,Other indoor,0.0,299,104,155,25.0383,-1.0,,1.9
2024-06-22,2024-06-22T18:52:26,73.08066666666667,66,Group exercise,0.0,333,95,135,28.6916,-1.0,,1.9
2024-06-22,2024-06-22T06:52:54,206.00986666666665,43,Strength training,4.86910009765625,1901,119,163,167.19,-1.0,,20.233333333333334
2024-06-23,2024-06-23T07:02:06,153.95796666666666,43,Strength training,6.2282001953125,1517,122,164,136.963,-1.0,,15.516666666666667
2024-06-23,2024-06-23T10:18:03,118.59733333333334,43,Strength training,3.284699951171875,1290,131,170,131.261,-1.0,,15.583333333333334
2024-06-24,2024-06-24T07:00:14,44.0682,15,Other indoor,0.0,356,111,156,29.6406,-1.0,88.13333,2.55
2024-06-25,2024-06-25T06:35:25,15.126516666666667,36,Mountain biking,3.029699951171875,236,158,169,31.1458,-1.0,30.233334,2.4833333333333334
2024-06-29,2024-06-29T08:37:49,97.13691666666666,43,Strength training,4.16010009765625,1190,142,185,140.575,-1.0,,20.116666666666667
2024-06-29,2024-06-29T13:04:30,76.27498333333334,43,Strength training,2.91260009765625,848,133,174,89.4463,-1.0,,9.75
2024-06-30,2024-06-30T12:49:14,102.37033333333333,43,Strength training,4.50239990234375,1317,147,200,165.548,-1.0,716.56665,31.416666666666668
2024-06-30,2024-06-30T09:01:04,63.67026666666667,43,Strength training,2.61960009765625,695,130,161,67.8577,-1.0,445.66666,6.966666666666667
2024-07-01,2024-07-01T06:55:36,121.46616666666667,43,Strength training,4.5757998046875,1295,138,189,135.716,-1.0,,16.833333333333332
2024-07-04,2024-07-04T20:33:44,69.687,66,Group exercise,0.0,276,91,126,22.0163,-1.0,,0.8
2024-07-06,2024-07-06T07:15:35,122.95786666666666,43,Strength training,4.54289990234375,1198,124,164,105.365,-1.0,614.75,11.15
2024-07-07,2024-07-07T08:15:58,24.7391,36,Mountain biking,5.06110009765625,399,164,175,52.956,-1.0,123.666664,4.35
2024-07-08,2024-07-08T14:54:23,55.749516666666665,15,Other indoor,0.0,516,122,161,45.1876,-1.0,,4.366666666666666
2024-07-12,2024-07-12T17:09:01,26.2537,17,Hiking,4.022699951171875,372,150,159,41.3417,-1.0,,3.7333333333333334
2024-07-12,2024-07-12T15:41:59,85.72031666666666,15,Other indoor,0.0,786,120,155,66.7523,-1.0,,6.783333333333333
2024-07-13,2024-07-13T07:11:40,106.2641,36,Mountain biking,2.52710009765625,950,118,167,77.2879,-1.0,425.0,7.466666666666667
2024-07-14,2024-07-14T08:12:18,136.9266,43,Strength training,2.99689990234375,1260,121,177,107.273,-1.0,,11.1
2024-07-15,2024-07-15T09:55:52,59.98495,15,Other indoor,0.0,194,97,127,23.0874,-1.0,239.93333,1.2166666666666666
2024-07-15,2024-07-15T20:29:20,60.53488333333333,66,Group exercise,0.0,402,105,154,31.6765,-1.0,,2.466666666666667
2024-07-17,2024-07-17T17:54:33,39.12168333333333,15,Other indoor,0.0,251,104,166,18.8256,-1.0,,1.3666666666666667
2024-07-17,2024-07-17T18:36:07,33.089083333333335,17,Hiking,5.0287998046875,439,144,156,44.486,-1.0,,4.216666666666667
2024-07-18,2024-07-18T19:22:41,19.27245,36,Mountain biking,3.497699951171875,256,146,171,28.5188,-1.0,134.86667,2.433333333333333
2024-07-19,2024-07-19T10:54:57,56.428666666666665,15,Other indoor,0.0,450,111,147,33.8823,-1.0,,2.9833333333333334
2024-07-19,2024-07-19T19:42:47,82.51201666666667,43,Strength training,3.200300048828125,799,124,170,70.5911,-1.0,,6.983333333333333
2024-07-31,2024-07-31T13:18:16,93.29226666666666,15,Other indoor,0.0,414,88,121,25.7847,-1.0,,0.6666666666666666
2024-08-01,2024-08-01T06:27:48,24.775566666666666,36,Mountain biking,4.60389990234375,304,139,161,29.3603,-1.0,,2.2666666666666666
2024-08-03,2024-08-03T08:02:15,121.44846666666666,43,Strength training,4.1657001953125,1256,133,190,134.352,-1.0,,12.733333333333333
2024-08-03,2024-08-03T21:13:29,53.8569,66,Group exercise,0.0,144,81,124,11.1484,-1.0,,0.13333333333333333
2024-08-04,2024-08-04T07:11:56,119.52765,43,Strength training,2.39610009765625,970,116,173,84.8217,-1.0,,6.483333333333333
2024-08-04,2024-08-04T14:48:41,64.10056666666667,43,Strength training,1.8520999755859375,600,126,174,57.799,-1.0,,4.55
2024-08-06,2024-08-06T15:26:43,59.200583333333334,43,Strength training,0.543,422,110,147,34.6692,-1.0,,2.45
2024-08-06,2024-08-06T16:32:59,30.638066666666667,17,Hiking,4.7905,334,131,139,29.9924,-1.0,91.9,2.3333333333333335
2024-08-07,2024-08-07T20:31:10,91.9589,43,Strength training,2.93460009765625,803,120,166,72.6508,-1.0,,5.65
2024-08-07,2024-08-07T13:31:31,88.76476666666667,15,Other indoor,0.0,578,102,137,40.1139,-1.0,532.5,2.2666666666666666
2024-08-09,2024-08-09T16:06:55,54.94016666666667,15,Other indoor,0.0,471,116,146,37.304,-1.0,,2.8333333333333335
2024-08-10,2024-08-10T12:18:32,82.31931666666667,43,Strength training,2.703699951171875,739,122,177,68.7007,-1.0,329.26666,5.4
2024-08-10,2024-08-10T15:22:42,104.99013333333333,43,Strength training,3.41810009765625,1105,134,187,116.319,-1.0,524.9167,10.35
2024-08-11,2024-08-11T10:32:26,107.43391666666666,43,Strength training,3.135,1055,129,184,110.098,-1.0,537.1667,9.283333333333333
2024-08-11,2024-08-11T14:03:31,90.9568,43,Strength training,2.61060009765625,874,130,188,95.2168,-1.0,,7.816666666666666
2024-08-12,2024-08-12T11:39:46,80.31115,15,Other indoor,0.0,446,98,143,31.0564,-1.0,,1.6833333333333333
2024-08-15,2024-08-15T09:05:13,62.50475,15,Other indoor,0.0,441,106,143,30.6622,-1.0,,2.0833333333333335
2024-08-16,2024-08-16T08:24:47,83.26518333333334,15,Other indoor,0.0,462,94,135,29.1926,-1.0,,1.3
2024-08-18,2024-08-18T07:23:32,17.37975,36,Mountain biking,2.54289990234375,199,132,167,17.9558,-1.0,,1.3166666666666667
2024-08-20,2024-08-20T05:53:30,20.3485,36,Mountain biking,3.205,211,131,157,20.6898,-1.0,122.0,1.5166666666666666
2024-08-20,2024-08-20T07:41:53,132.19645,66,Group exercise,0.0,395,76,133,24.1969,-1.0,,0.7166666666666667
2024-08-24,2024-08-24T11:57:39,127.94853333333333,15,Other indoor,0.0,845,102,140,60.517,-1.0,,3.683333333333333
2024-08-25,2024-08-25T09:07:38,18.85045,36,Mountain biking,2.988,217,133,160,20.0757,-1.0,94.25,1.5333333333333334
2024-08-27,2024-08-27T12:56:15,142.19015,43,Strength training,2.94089990234375,1083,110,180,86.5265,-1.0,,6.316666666666666
2024-08-28,2024-08-28T13:37:35,30.438066666666668,43,Strength training,0.41520001220703123,181,97,131,12.1725,-1.0,,0.6166666666666667
2024-08-28,2024-08-28T16:35:55,25.714216666666665,23,Trail running,0.075,163,102,131,11.3656,-1.0,,0.6166666666666667
2024-08-28,2024-08-28T09:20:26,114.67346666666667,43,Strength training,1.808,788,104,151,56.0076,-1.0,,3.566666666666667
2024-08-29,2024-08-29T08:13:56,27.729783333333334,15,Other indoor,0.0,184,103,130,12.7221,-1.0,,0.7666666666666667
2024-08-29,2024-08-29T12:18:42,152.36096666666666,43,Strength training,4.5737001953125,1557,132,185,168.032,-1.0,914.1,18.166666666666668
2024-08-29,2024-08-29T16:36:39,31.860983333333333,23,Trail running,0.175,286,122,153,25.225,-1.0,,1.8666666666666667
2024-08-30,2024-08-30T08:28:12,169.54223333333334,43,Strength training,3.675,1505,122,177,138.183,-1.0,,12.433333333333334
2024-08-30,2024-08-30T16:02:31,23.369316666666666,23,Trail running,0.04779999923706055,137,99,129,9.64226,-1.0,,0.4666666666666667
2024-09-01,2024-09-01T08:12:54,143.09625,43,Strength training,4.65710009765625,1644,143,194,196.147,-1.0,,30.466666666666665
2024-09-02,2024-09-02T22:44:14,35.771433333333334,66,Group exercise,0.0,136,92,122,11.156,-1.0,,0.31666666666666665
2024-09-02,2024-09-02T14:04:05,178.83791666666667,43,Strength training,4.5362998046875,1660,124,171,154.473,-1.0,,14.583333333333334
2024-09-02,2024-09-02T10:23:56,166.42956666666666,43,Strength training,5.00660009765625,1913,143,194,228.464,-1.0,,60.483333333333334
2024-09-03,2024-09-03T10:07:52,167.4879,43,Strength training,4.5425,1268,110,172,99.4349,-1.0,,7.183333333333334
2024-09-04,2024-09-04T08:07:30,179.18998333333334,43,Strength training,5.2142001953125,1528,118,173,133.757,-1.0,,11.316666666666666
2024-09-04,2024-09-04T12:15:22,178.02971666666667,43,Strength training,4.4322001953125,1506,118,188,135.385,-1.0,,11.333333333333334
2024-09-05,2024-09-05T08:09:30,172.56306666666666,43,Strength training,4.6197998046875,1420,117,191,136.4,-1.0,,11.716666666666667
2024-09-05,2024-09-05T12:33:30,138.13581666666667,43,Strength training,4.14689990234375,1215,122,184,115.1,-1.0,,9.366666666666667
2024-09-05,2024-09-05T20:09:56,67.91725,66,Group exercise,0.0,172,76,102,11.1964,-1.0,,0.08333333333333333
2024-09-06,2024-09-06T08:06:32,153.2193,43,Strength training,4.61289990234375,1391,123,181,134.03,-1.0,,11.6
2024-09-15,2024-09-15T13:15:11,87.38791666666667,11,,3.061199951171875,551,94,128,37.7792,-1.0,,2.066666666666667
2024-09-18,2024-09-18T08:49:54,74.70246666666667,15,Other indoor,0.0,596,108,144,50.7982,-1.0,,4.133333333333334
2024-09-19,2024-09-19T07:17:14,25.217166666666667,36,Mountain biking,3.259699951171875,346,137,148,37.7038,-1.0,50.433334,2.9166666666666665
2024-09-20,2024-09-20T08:20:16,66.96513333333333,15,Other indoor,0.0,415,98,141,31.039,-1.0,,1.9333333333333333
2024-09-21,2024-09-21T07:40:36,217.83178333333333,43,Strength training,7.06689990234375,2439,135,186,306.344,-1.0,1742.5333,92.76666666666667
2024-09-22,2024-09-22T08:17:17,103.37075,43,Strength training,3.148699951171875,1038,127,181,120.901,-1.0,413.46667,12.5
2024-09-23,2024-09-23T07:14:13,104.44636666666666,15,Other indoor,0.0,646,98,141,47.5736,-1.0,417.73334,2.9833333333333334
2024-09-24,2024-09-24T06:41:03,24.592216666666666,36,Mountain biking,3.30439990234375,321,136,148,32.821,-1.0,49.166668,2.533333333333333
2024-09-24,2024-09-24T20:12:53,112.12343333333334,43,Strength training,4.6925,1150,128,189,134.468,-1.0,,15.55
2024-09-26,2024-09-26T08:31:26,17.76931666666667,36,Mountain biking,2.23689990234375,201,133,155,22.0079,-1.0,35.533333,1.7
2024-09-27,2024-09-27T07:05:51,38.66513333333333,15,Other indoor,0.0,330,110,139,26.1917,-1.0,,1.9666666666666666
2024-09-29,2024-09-29T20:38:28,38.315133333333335,66,Group exercise,0.0,78,75,95,6.46613,-1.0,,0.016666666666666666
2024-09-30,2024-09-30T09:18:34,60.412483333333334,15,Other indoor,0.0,304,88,129,20.8415,-1.0,,1.0333333333333334
2024-10-01,2024-10-01T20:58:43,58.815133333333335,66,Group exercise,0.0,181,84,122,16.0594,-1.0,,0.25
2024-10-02,2024-10-02T20:03:48,135.78585,43,Strength training,5.30239990234375,1460,135,184,182.339,-1.0,814.7,25.033333333333335
2024-10-03,2024-10-03T09:12:19,25.12955,36,Mountain biking,4.2062001953125,347,139,149,36.4289,-1.0,50.233334,2.816666666666667
2024-10-04,2024-10-04T09:39:55,69.74226666666667,15,Other indoor,0.0,365,91,127,25.9472,-1.0,,1.2
2024-10-05,2024-10-05T10:07:45,144.23578333333333,43,Strength training,4.9985,1726,140,187,229.485,-1.0,,67.25
2024-10-05,2024-10-05T08:03:53,102.95458333333333,43,Strength training,2.62110009765625,1157,136,182,139.911,-1.0,,16.666666666666668
2024-10-06,2024-10-06T12:11:03,120.14428333333333,43,Strength training,4.8057998046875,1434,140,192,198.521,-1.0,,49.333333333333336
2024-10-07,2024-10-07T20:53:06,53.66511666666667,66,Group exercise,0.0,168,76,113,9.86233,-1.0,,0.16666666666666666
2024-10-09,2024-10-09T06:44:19,53.55955,36,Mountain biking,6.89910009765625,617,125,164,56.1438,-1.0,,4.433333333333334
2024-10-09,2024-10-09T08:04:01,27.248333333333335,36,Mountain biking,3.2115,290,127,176,34.3411,-1.0,,2.4166666666666665
2024-10-11,2024-10-11T07:32:58,100.59203333333333,43,Strength training,4.3912001953125,1017,125,184,103.74,-1.0,,9.366666666666667
2024-10-11,2024-10-11T12:09:34,119.70885,43,Strength training,3.555300048828125,1396,137,188,170.734,-1.0,,24.2
2024-10-23,2024-10-23T08:49:37,56.500566666666664,15,Other indoor,0.0,251,87,123,17.4346,-1.0,169.5,0.5333333333333333
2024-10-27,2024-10-27T11:22:22,31.3207,43,Strength training,0.7067999877929687,222,102,129,16.8784,-1.0,,1.1166666666666667
2024-10-29,2024-10-29T08:01:55,53.8818,15,Other indoor,0.0,320,94,130,21.9799,-1.0,,1.1833333333333333
2024-11-01,2024-11-01T07:10:01,42.84016666666667,15,Other indoor,0.0,165,83,118,10.9317,-1.0,,0.18333333333333332
2024-11-02,2024-11-02T20:56:03,34.26305,66,Group exercise,0.0,85,68,80,3.87632,-1.0,,0.016666666666666666
2024-11-04,2024-11-04T12:37:05,82.90888333333334,15,Other indoor,0.0,454,92,125,30.7263,-1.0,,1.4
2024-11-10,2024-11-10T06:13:03,31.262866666666667,17,Hiking,4.06839990234375,313,117,148,27.2727,-1.0,125.0,2.033333333333333
2024-11-10,2024-11-10T06:59:34,22.51315,15,Other indoor,0.0,171,105,131,13.1607,-1.0,67.5,0.9
2024-11-12,2024-11-12T07:05:30,37.21305,15,Other indoor,0.0,317,114,138,27.9109,-1.0,148.8,2.183333333333333
2024-11-12,2024-11-12T06:40:24,22.608716666666666,17,Hiking,3.3745,303,144,175,39.6666,-1.0,113.0,2.8
2024-11-14,2024-11-14T06:42:19,66.63833333333334,15,Other indoor,0.0,356,92,129,24.5425,-1.0,,1.15
2024-11-18,2024-11-18T06:47:29,31.121233333333333,17,Hiking,5.044,428,145,184,58.2421,-1.0,155.58333,4.7
2024-11-23,2024-11-23T06:49:32,58.57501666666667,15,Other indoor,0.0,459,108,146,36.8846,-1.0,234.26666,2.85
2024-11-24,2024-11-24T16:45:52,29.0901,17,Hiking,5.0107998046875,486,163,193,80.3477,-1.0,145.41667,9.316666666666666
2024-12-02,2024-12-02T13:00:22,69.65715,15,Other indoor,0.0,367,94,135,25.9875,-1.0,,1.2166666666666666
2024-12-03,2024-12-03T06:57:03,28.521233333333335,36,Mountain biking,5.06510009765625,441,153,167,53.391,-1.0,57.033333,3.7333333333333334
2024-12-04,2024-12-04T08:10:38,85.85683333333333,15,Other indoor,0.0,700,111,145,55.6393,-1.0,429.25,4.383333333333334
2024-12-05,2024-12-05T06:27:20,21.67555,36,Mountain biking,3.0735,246,134,161,26.4801,-1.0,86.666664,2.0
2024-12-09,2024-12-09T07:15:04,62.06933333333333,15,Other indoor,0.0,238,84,119,16.16,-1.0,,0.36666666666666664
2024-12-10,2024-12-10T10:01:53,32.91515,19,Road running,5.0192998046875,452,141,150,45.1244,-1.0,,3.533333333333333
2024-12-11,2024-12-11T11:19:57,206.51721666666666,15,Other indoor,0.0,1037,95,157,82.8766,-1.0,1239.1,4.75
2024-12-12,2024-12-12T06:27:34,25.50055,19,Road running,5.02239990234375,351,142,168,36.4188,-1.0,153.0,2.75
2024-12-12,2024-12-12T18:54:34,64.69848333333333,66,Group exercise,0.0,139,76,110,11.209,-1.0,,0.08333333333333333
2024-12-14,2024-12-14T08:45:42,200.6172,43,Strength training,7.2355,2362,139,190,297.901,-1.0,,89.03333333333333
2024-12-18,2024-12-18T09:01:24,136.46705,15,Other indoor,0.0,966,105,158,74.1171,-1.0,,5.183333333333334
2024-12-19,2024-12-19T21:40:31,43.473016666666666,66,Group exercise,0.0,77,74,104,6.77238,-1.0,,0.06666666666666667
2024-12-19,2024-12-19T07:04:00,22.21515,36,Mountain biking,3.401800048828125,287,136,152,27.1245,-1.0,44.4,2.1166666666666667
2024-12-24,2024-12-24T06:54:10,23.660966666666667,36,Mountain biking,3.061199951171875,215,115,142,17.2824,-1.0,,1.25
2024-12-29,2024-12-29T08:46:13,24.410983333333334,36,Mountain biking,5.0447998046875,410,164,187,60.866,-1.0,146.4,5.266666666666667
2024-12-30,2024-12-30T08:42:37,98.43806666666667,15,Other indoor,0.0,808,114,165,71.0764,-1.0,,5.866666666666666
2024-12-31,2024-12-31T08:15:13,25.94015,36,Mountain biking,4.0365,367,144,162,39.6794,-1.0,,2.95
2025-01-01,2025-01-01T10:31:22,29.550483333333332,36,Mountain biking,5.0412001953125,443,150,179,53.7836,-1.0,,3.8
2025-01-05,2025-01-05T08:23:22,74.15263333333333,15,Other indoor,0.0,396,95,136,26.8167,-1.0,,1.5
2025-01-06,2025-01-06T09:36:42,48.8751,15,Other indoor,0.0,181,81,116,10.7796,-1.0,,0.23333333333333334
2025-01-08,2025-01-08T07:14:36,72.61098333333334,15,Other indoor,0.0,483,102,146,35.3263,-1.0,,2.3666666666666667
2025-01-09,2025-01-09T18:34:09,25.006833333333333,17,Hiking,3.560699951171875,289,130,145,27.6555,-1.0,,2.066666666666667
2025-01-09,2025-01-09T20:28:27,67.02748333333334,66,Group exercise,0.0,151,78,121,12.5966,-1.0,,0.11666666666666667
2025-01-10,2025-01-10T08:48:39,63.5129,15,Other indoor,0.0,338,94,143,23.8344,-1.0,190.5,1.1666666666666667
2025-01-11,2025-01-11T07:14:26,24.371383333333334,36,Mountain biking,5.3267998046875,390,157,191,55.0433,-1.0,,4.566666666666666
2025-01-14,2025-01-14T16:56:43,80.62555,38,Road cycling,15.070400390625,632,108,148,50.0574,-1.0,241.85,3.55
2025-01-15,2025-01-15T07:54:44,93.00723333333333,15,Other indoor,0.0,678,104,146,51.3698,-1.0,651.0,3.45
2025-01-16,2025-01-16T08:26:04,16.7514,36,Mountain biking,2.744699951171875,183,134,175,20.2612,-1.0,,1.5
2025-01-17,2025-01-17T13:44:57,71.58581666666667,15,Other indoor,0.0,657,118,157,57.4781,-1.0,429.5,4.816666666666666
2025-01-19,2025-01-19T10:47:11,129.82746666666668,43,Strength training,2.708699951171875,1315,126,178,136.517,-1.0,649.0833,12.566666666666666
2025-01-19,2025-01-19T20:07:55,61.69225,15,Other indoor,0.0,151,78,114,11.8357,-1.0,,0.15
2025-01-20,2025-01-20T07:25:02,86.7112,15,Other indoor,0.0,643,106,147,48.1255,-1.0,433.5,3.55
2025-01-21,2025-01-21T06:22:04,18.83165,36,Mountain biking,3.02160009765625,244,136,154,23.2876,-1.0,37.633335,1.8
2025-01-22,2025-01-22T08:25:49,62.26016666666667,15,Other indoor,0.0,465,106,157,33.9107,-1.0,,2.55
2025-01-22,2025-01-22T18:15:45,126.61496666666666,43,Strength training,3.99660009765625,1422,136,182,163.2,-1.0,633.0,20.383333333333333
2025-01-24,2025-01-24T21:03:52,58.940133333333335,66,Group exercise,0.0,153,75,95,9.32018,-1.0,,0.016666666666666666
2025-01-25,2025-01-25T09:02:03,215.62136666666666,43,Strength training,3.363699951171875,2358,135,185,283.782,-1.0,1724.9333,82.81666666666666
2025-01-25,2025-01-25T13:54:09,100.79845,43,Strength training,2.7085,1183,141,187,148.296,-1.0,705.48334,17.366666666666667
2025-01-26,2025-01-26T09:39:21,202.82553333333334,43,Strength training,4.41360009765625,2246,134,182,252.324,-1.0,1622.5333,76.36666666666666
2025-01-26,2025-01-26T19:40:09,90.10218333333333,66,Group exercise,0.0,223,80,120,19.4561,-1.0,,0.3
2025-01-29,2025-01-29T18:17:12,194.05678333333333,43,Strength training,5.69189990234375,1719,116,172,146.844,-1.0,,13.35
2025-02-02,2025-02-02T10:01:31,123.12123333333334,43,Strength training,4.095800048828125,1343,133,172,148.776,-1.0,,15.133333333333333
2025-02-05,2025-02-05T18:32:49,90.70261666666667,43,Strength training,2.371199951171875,653,105,145,50.6845,-1.0,,3.55
2025-02-09,2025-02-09T08:58:29,178.19428333333335,43,Strength training,4.7265,1901,133,184,223.819,-1.0,,46.083333333333336
2025-02-15,2025-02-15T08:43:08,180.63803333333334,43,Strength training,4.67439990234375,2222,145,179,289.63,-1.0,1264.4333,86.8
2025-02-16,2025-02-16T08:31:08,212.13805,43,Strength training,4.234,2459,139,189,300.995,-1.0,,89.78333333333333
2025-02-19,2025-02-19T20:02:51,115.0297,43,Strength training,3.25760009765625,1012,116,160,85.4232,-1.0,,7.116666666666666
2025-02-23,2025-02-23T09:02:05,183.97346666666667,186,Ultimate,4.5885,1921,130,181,210.471,-1.0,1287.7667,25.916666666666668
2025-02-25,2025-02-25T20:03:36,134.27553333333333,186,Ultimate,3.54010009765625,1442,133,187,165.0,-1.0,671.3333,18.416666666666668
2025-02-26,2025-02-26T20:06:54,94.26916666666666,186,Ultimate,3.823300048828125,883,120,154,77.4937,-1.0,471.33334,6.3
2025-03-01,2025-03-01T11:39:50,22.552616666666665,186,Ultimate,0.9904000244140625,257,136,168,28.1075,-1.0,,2.15
2025-03-02,2025-03-02T09:29:42,136.87538333333333,186,Ultimate,3.830800048828125,1298,121,181,121.002,-1.0,684.3333,10.05
2025-03-07,2025-03-07T06:17:18,92.61565,15,Other indoor,0.0,582,98,141,39.5319,-1.0,,2.3
2025-03-09,2025-03-09T09:21:42,19.829716666666666,23,Trail running,0.25,160,109,137,12.0967,-1.0,39.633335,0.85
2025-03-12,2025-03-12T07:32:56,85.86928333333333,15,Other indoor,0.0,547,98,145,38.2066,-1.0,,2.316666666666667
2025-03-15,2025-03-15T06:57:17,79.56095,186,Ultimate,2.0234000244140624,724,114,144,54.8983,-1.0,,4.3
2025-03-15,2025-03-15T09:00:59,129.95665,186,Ultimate,1.541300048828125,1114,116,177,106.426,-1.0,,7.95
2025-03-25,2025-03-25T09:31:58,90.22765,15,Other indoor,0.0,539,97,133,37.7578,-1.0,,2.2
2025-04-03,2025-04-03T06:30:53,76.8964,15,Other indoor,0.0,589,106,148,42.6399,-1.0,,3.1333333333333333
2025-04-07,2025-04-07T10:33:12,60.06933333333333,15,Other indoor,0.0,278,91,125,20.2995,-1.0,,0.8166666666666667
2025-04-16,2025-04-16T09:52:41,73.15458333333333,15,Other indoor,0.0,572,109,150,44.6692,-1.0,,3.3833333333333333
2025-04-18,2025-04-18T09:49:44,51.32801666666667,15,Other indoor,0.0,413,109,147,31.6113,-1.0,,2.283333333333333
2025-04-22,2025-04-22T08:18:49,117.45796666666666,15,Other indoor,0.0,584,91,130,39.8988,-1.0,,1.6333333333333333
2025-04-23,2025-04-23T17:05:26,9.8776,23,Trail running,0.0,39,84,106,2.50161,-1.0,,0.05
2025-04-24,2025-04-24T10:28:46,46.66928333333333,23,Trail running,0.35,316,103,129,22.9737,-1.0,233.33333,1.5333333333333334
2025-04-25,2025-04-25T12:45:47,14.146383333333333,23,Trail running,0.0,62,88,112,4.15386,-1.0,,0.13333333333333333
2025-04-25,2025-04-25T17:44:53,60.37748333333333,23,Trail running,0.275,397,103,139,31.0104,-1.0,,2.05
2025-04-26,2025-04-26T11:52:43,46.49013333333333,23,Trail running,0.075,292,101,149,22.4428,-1.0,,1.35
2025-05-05,2025-05-05T08:23:53,22.24845,15,Other indoor,0.0,146,100,121,9.95555,-1.0,,0.6
2025-05-08,2025-05-08T07:49:01,78.05041666666666,15,Other indoor,0.0,497,100,149,35.6674,-1.0,,2.183333333333333
2025-05-15,2025-05-15T06:26:20,96.86081666666666,15,Other indoor,0.0,591,99,143,43.8833,-1.0,290.55,2.6333333333333333
2025-05-24,2025-05-24T07:19:07,69.31675,15,Other indoor,0.0,479,104,131,34.572,-1.0,,2.433333333333333
2025-05-28,2025-05-28T11:40:05,69.7754,15,Other indoor,0.0,579,112,140,45.968,-1.0,,3.6666666666666665
2025-05-30,2025-05-30T06:35:14,110.10845,15,Other indoor,0.0,599,94,130,41.6367,-1.0,,2.05
2025-06-05,2025-06-05T08:28:17,58.61258333333333,15,Other indoor,0.0,472,110,146,36.2396,-1.0,,2.8333333333333335
2025-06-07,2025-06-07T07:24:47,103.85056666666667,15,Other indoor,0.0,652,102,152,50.1932,-1.0,,3.4166666666666665
2025-06-10,2025-06-10T07:23:46,69.56171666666667,15,Other indoor,0.0,430,100,131,31.5785,-1.0,278.2,1.9166666666666667
2025-06-14,2025-06-14T08:07:17,87.41766666666666,15,Other indoor,0.0,473,95,124,31.2567,-1.0,,1.7
2025-06-15,2025-06-15T08:43:27,87.53591666666667,2,Cycling,28.88630078125,788,121,165,77.2148,-1.0,437.66666,5.933333333333334
2025-06-17,2025-06-17T18:41:56,67.46468333333333,15,Other indoor,0.0,308,90,126,21.623,-1.0,,0.7166666666666667
2025-06-25,2025-06-25T08:26:53,47.158483333333336,15,Other indoor,0.0,226,90,133,15.8199,-1.0,,0.65
2025-07-03,2025-07-03T06:39:38,58.15638333333333,15,Other indoor,0.0,338,98,142,25.5951,-1.0,174.45,1.4333333333333333
2025-07-07,2025-07-07T17:06:46,86.98811666666667,15,Other indoor,0.0,662,109,137,51.5656,-1.0,,4.05
2025-07-10,2025-07-10T20:15:48,59.70041666666667,66,Group exercise,0.0,201,83,133,15.0778,-1.0,,0.35
2025-07-13,2025-07-13T09:19:40,31.817633333333333,126,Functional training,0.0,110,86,125,8.87583,-1.0,,0.25
2025-07-14,2025-07-14T14:29:41,74.96711666666667,15,Other indoor,0.0,480,102,133,34.6996,-1.0,449.8,2.3833333333333333
2025-07-17,2025-07-17T14:31:11,40.47723333333333,15,Other indoor,0.0,271,106,140,20.9344,-1.0,202.33333,1.5333333333333334
2025-07-18,2025-07-18T09:45:00,66.08793333333334,15,Other indoor,0.0,491,107,132,36.9313,-1.0,,2.716666666666667
2025-07-21,2025-07-21T13:07:04,63.771,15,Other indoor,0.0,397,100,125,28.0903,-1.0,255.06667,1.7833333333333334
2025-07-23,2025-07-23T09:44:31,57.36481666666667,15,Other indoor,0.0,358,100,140,26.6617,-1.0,,1.6666666666666667
2025-07-31,2025-07-31T10:20:21,86.37756666666667,15,Other indoor,0.0,518,98,128,36.7883,-1.0,,2.2333333333333334
2025-08-01,2025-08-01T09:24:52,67.00041666666667,15,Other indoor,0.0,480,106,158,38.5911,-1.0,,2.716666666666667
2025-08-03,2025-08-03T21:10:40,61.027116666666664,66,Group exercise,0.0,126,68,91,6.71007,-1.0,,0.016666666666666666
2025-08-05,2025-08-05T17:18:37,61.141816666666664,15,Other indoor,0.0,390,102,134,29.3981,-1.0,,2.0166666666666666
2025-08-11,2025-08-11T09:23:09,75.93833333333333,15,Other indoor,0.0,404,96,150,29.1074,-1.0,303.73334,1.7
2025-08-13,2025-08-13T09:00:47,71.6254,15,Other indoor,0.0,444,102,147,34.4519,-1.0,,2.3333333333333335
2025-08-16,2025-08-16T21:52:44,41.50875,66,Group exercise,0.0,142,86,121,11.2067,-1.0,,0.2
2025-08-16,2025-08-16T11:12:11,63.395133333333334,15,Other indoor,0.0,301,91,130,21.07,-1.0,,1.1666666666666667
2025-08-18,2025-08-18T14:37:24,65.93586666666667,15,Other indoor,0.0,422,103,128,31.5412,-1.0,,2.2
2025-08-20,2025-08-20T09:21:48,77.24841666666667,15,Other indoor,0.0,416,96,125,30.7704,-1.0,,1.65
2025-08-22,2025-08-22T08:16:30,90.57935,15,Other indoor,0.0,633,107,136,48.2945,-1.0,,3.783333333333333
2025-08-23,2025-08-23T21:17:01,8.596266666666667,66,Group exercise,0.0,51,100,134,3.90841,-1.0,,0.25
2025-08-26,2025-08-26T10:44:56,72.77771666666666,15,Other indoor,0.0,536,109,144,43.279,-1.0,363.83334,3.3833333333333333
2025-08-29,2025-08-29T10:29:29,53.95041666666667,15,Other indoor,0.0,240,88,121,15.5832,-1.0,,0.5833333333333334
2025-08-31,2025-08-31T11:50:04,74.86916666666667,2,Cycling,15.2772001953125,657,116,145,56.6868,-1.0,,4.3
2025-08-31,2025-08-31T09:05:01,88.98336666666667,2,Cycling,14.654099609375,553,100,152,43.5686,-1.0,,2.65
2025-09-01,2025-09-01T08:41:51,60.747483333333335,15,Other indoor,0.0,298,94,120,21.963,-1.0,,1.05
2025-09-03,2025-09-03T08:27:33,67.32545,15,Other indoor,0.0,316,90,123,21.9712,-1.0,,1.1
2025-09-05,2025-09-05T07:51:11,84.13791666666667,15,Other indoor,0.0,550,102,135,41.2722,-1.0,,2.816666666666667
2025-09-06,2025-09-06T07:53:12,21.531416666666665,126,Functional training,0.0,74,87,121,5.77155,-1.0,,0.21666666666666667
2025-09-08,2025-09-08T07:37:11,49.6064,15,Other indoor,0.0,356,107,145,27.8557,-1.0,,2.1333333333333333
2025-09-10,2025-09-10T07:24:58,60.754733333333334,15,Other indoor,0.0,350,97,135,25.0838,-1.0,,1.9666666666666666
2025-09-12,2025-09-12T10:16:37,66.94223333333333,15,Other indoor,0.0,226,78,132,12.834,-1.0,,0.31666666666666665
2025-09-13,2025-09-13T15:22:09,15.814966666666667,38,Road cycling,4.1672001953125,120,110,147,9.69907,-1.0,,0.7666666666666667
2025-09-16,2025-09-16T12:31:46,84.26681666666667,15,Other indoor,0.0,560,102,149,42.7038,-1.0,,4.566666666666666
2025-09-18,2025-09-18T18:19:07,88.39601666666667,15,Other indoor,0.0,608,104,139,44.9642,-1.0,,5.133333333333334
2025-09-19,2025-09-19T07:17:27,50.20668333333333,15,Other indoor,0.0,287,96,120,19.4428,-1.0,,1.4166666666666667
2025-09-20,2025-09-20T14:47:24,90.83975,15,Other indoor,0.0,348,85,118,23.5791,-1.0,,0.7333333333333333
2025-09-23,2025-09-23T09:15:39,72.9839,15,Other indoor,0.0,559,111,153,48.6561,-1.0,,6.166666666666667
2025-09-28,2025-09-28T12:08:51,110.69035,15,Other indoor,0.0,694,100,137,51.6304,-1.0,553.4167,5.4
2025-09-30,2025-09-30T13:59:36,64.86501666666666,15,Other indoor,0.0,456,106,143,36.2717,-1.0,,4.0
2025-10-01,2025-10-01T07:44:38,70.64178333333334,66,Group exercise,0.0,185,77,113,12.8368,-1.0,,0.15
2025-10-02,2025-10-02T07:06:34,49.60015,15,Other indoor,0.0,293,98,141,20.6139,-1.0,,1.6927983333333334
2025-10-06,2025-10-06T09:19:33,90.53375,15,Other indoor,0.0,595,102,140,43.7783,-1.0,,4.748323611111111
2025-10-09,2025-10-09T16:41:50,63.15015,15,Other indoor,0.0,341,95,125,24.4455,-1.0,631.5,1.7091380555555555
2025-10-15,2025-10-15T06:14:37,71.48838333333333,15,Other indoor,0.0,409,97,130,29.615,-1.0,,2.5261233333333335
2025-10-20,2025-10-20T16:58:16,79.83791666666667,15,Other indoor,0.0,573,107,147,43.706,-1.0,,5.320213333333333
2025-10-21,2025-10-21T12:01:21,52.99393333333333,15,Other indoor,0.0,390,110,142,30.8325,-1.0,317.9,3.8823191666666665
2025-10-23,2025-10-23T06:22:58,51.63375,15,Other indoor,0.0,302,97,125,21.1792,-1.0,,1.6437794444444445
2025-10-29,2025-10-29T09:39:26,57.108916666666666,15,Other indoor,0.0,404,107,148,31.8135,-1.0,285.5,3.6535633333333335
2025-10-30,2025-10-30T07:03:50,49.4567,15,Other indoor,0.0,345,105,150,27.7596,-1.0,,2.869257222222222
2025-10-31,2025-10-31T07:27:02,60.989733333333334,15,Other indoor,0.0,475,111,141,38.3061,-1.0,,4.666625
2025-11-02,2025-11-02T10:21:04,82.16708333333334,186,Ultimate,3.88339990234375,780,123,173,76.1841,-1.0,,10.075068055555555
2025-11-04,2025-11-04T06:22:50,65.70225,15,Other indoor,0.0,461,105,133,33.8944,-1.0,262.8,3.8333
2025-11-08,2025-11-08T09:25:22,12.191333333333333,186,Ultimate,2.04889990234375,133,127,142,11.9858,-1.0,,1.2026072222222222
2025-11-08,2025-11-08T09:39:59,116.98378333333334,186,Ultimate,4.9452998046875,1315,138,183,155.784,-1.0,,29.45396
2025-11-09,2025-11-09T09:00:18,143.42493333333334,186,Ultimate,5.3255,1494,132,189,175.912,-1.0,1003.9167,38.14668388888889
2025-11-10,2025-11-10T20:28:56,68.37935,66,Group exercise,0.0,246,87,124,19.27,-1.0,,0.45
2025-11-11,2025-11-11T06:31:37,63.627633333333335,15,Other indoor,0.0,378,99,130,27.4363,-1.0,,2.509783888888889
2025-11-12,2025-11-12T07:52:15,44.041716666666666,38,Road cycling,14.2082001953125,289,99,127,18.7151,-1.0,,1.7091380555555555
2025-11-13,2025-11-13T13:39:39,63.8818,15,Other indoor,0.0,509,114,149,43.4881,-1.0,,5.696026666666667
2025-11-19,2025-11-19T08:07:32,82.30043333333333,15,Other indoor,0.0,618,110,159,51.7357,-1.0,,6.529351666666667
2025-11-21,2025-11-21T07:45:02,71.19423333333333,15,Other indoor,0.0,498,105,134,37.5853,-1.0,,4.339830833333333
2025-11-21,2025-11-21T20:10:26,69.92751666666666,186,Ultimate,2.0014000244140626,702,125,162,66.0515,-1.0,,8.653513333333333
2025-11-23,2025-11-23T10:54:36,67.465,186,Ultimate,2.742,755,139,182,94.2067,-1.0,,12.215569444444444
2025-11-25,2025-11-25T09:03:09,67.4275,15,Other indoor,0.0,436,102,158,33.2415,-1.0,269.66666,3.27775
2025-11-26,2025-11-26T06:52:33,67.27558333333333,15,Other indoor,0.0,367,96,144,26.7438,-1.0,,2.215669166666667
2025-11-27,2025-11-27T06:17:18,60.08376666666667,15,Other indoor,0.0,293,91,127,20.3211,-1.0,,0.9901911111111111
2025-12-01,2025-12-01T08:09:13,52.39431666666667,15,Other indoor,0.0,372,106,145,28.5195,-1.0,,3.1470322222222222
2025-12-02,2025-12-02T06:43:04,51.8129,15,Other indoor,0.0,321,101,147,24.3735,-1.0,,2.2973675
2025-12-05,2025-12-05T07:04:37,55.98975,15,Other indoor,0.0,316,98,129,23.4264,-1.0,,2.101291111111111
2025-12-09,2025-12-09T10:28:38,50.2025,15,Other indoor,0.0,378,111,158,32.5462,-1.0,,4.127414722222222
2025-12-14,2025-12-14T09:32:01,46.937583333333336,23,Trail running,0.0,271,99,144,21.8066,-1.0,,1.9542338888888888
2025-12-19,2025-12-19T07:34:11,73.29223333333333,15,Other indoor,0.0,500,104,139,37.9496,-1.0,,4.111075
2025-12-22,2025-12-22T07:47:47,32.886,15,Other indoor,0.0,260,114,147,21.7519,-1.0,,2.656841111111111
2025-12-23,2025-12-23T08:47:50,98.21308333333333,15,Other indoor,0.0,546,97,133,40.8787,-1.0,,3.5882044444444445
2025-12-24,2025-12-24T07:59:58,66.1296,15,Other indoor,0.0,368,98,130,26.839,-1.0,,2.4117455555555556
2025-12-26,2025-12-26T08:07:45,59.02556666666667,15,Other indoor,0.0,269,90,120,18.8008,-1.0,,0.6797366666666667
2026-01-04,2026-01-04T11:53:59,35.750566666666664,15,Other indoor,0.0,279,114,152,24.4567,-1.0,,2.9509558333333334
2026-01-05,2026-01-05T07:39:40,51.33765,15,Other indoor,0.0,389,109,150,31.2325,-1.0,,3.571864722222222
2026-01-06,2026-01-06T09:43:42,53.65225,15,Other indoor,0.0,438,113,142,36.7758,-1.0,,4.519567777777778
2026-01-07,2026-01-07T10:54:27,55.83205,15,Other indoor,0.0,367,104,140,29.4637,-1.0,,3.114352777777778
2026-01-12,2026-01-12T08:48:37,48.85641666666667,15,Other indoor,0.0,360,107,139,27.8085,-1.0,,3.1633719444444446
2026-01-13,2026-01-13T14:40:49,56.6938,23,Trail running,0.025,379,102,138,29.1683,-1.0,,2.9182763888888887
2026-02-05,2026-02-05T18:19:54,125.12833333333333,186,Ultimate,4.00760009765625,1474,141,184,196.186,-1.0,,54.45371138888889
2026-02-08,2026-02-08T09:34:42,34.57541666666667,19,Road running,5.70260009765625,438,142,170,51.9796,-1.0,138.26666,6.218897222222222
2026-02-10,2026-02-10T18:07:17,152.815,186,Ultimate,4.7637998046875,1791,147,203,276.062,-1.0,,132.81894472222223
2026-02-12,2026-02-12T18:11:35,121.94458333333333,186,Ultimate,3.53889990234375,1149,129,192,150.906,-1.0,,29.09448638888889
2026-02-14,2026-02-14T08:49:15,185.08378333333334,186,Ultimate,5.43839990234375,2092,143,191,288.966,-1.0,,110.90739805555556
2026-02-14,2026-02-14T13:29:59,117.55041666666666,186,Ultimate,3.6495,1250,138,190,167.009,-1.0,,32.9343175
2026-02-14,2026-02-14T19:58:02,63.00875,66,Group exercise,0.0,320,96,131,26.0909,-1.0,,2.003252777777778
2026-02-15,2026-02-15T10:31:19,35.1892,186,Ultimate,1.452699951171875,376,138,184,51.0467,-1.0,,5.9247825
2026-02-15,2026-02-15T12:36:59,113.14778333333334,186,Ultimate,3.28260009765625,1126,131,189,136.185,-1.0,,22.999775833333334
2026-02-19,2026-02-19T18:40:06,111.5775,186,Ultimate,2.535699951171875,840,113,167,82.7507,-1.0,,9.862651666666666
2026-02-22,2026-02-22T18:32:00,55.82165,12,Swimming,0.0,688,146,178,91.7602,-1.0,,11.905115
2026-03-03,2026-03-03T18:29:02,138.46505,186,Ultimate,5.1075,1165,119,176,118.429,-1.0,,15.565209166666667
2026-03-05,2026-03-05T18:28:35,95.2275,186,Ultimate,3.073800048828125,795,118,188,83.0258,-1.0,,10.222125277777778
2026-03-12,2026-03-12T18:19:03,116.19831666666667,186,Ultimate,3.48860009765625,1102,130,201,142.71,-1.0,,28.784031944444443
2026-03-15,2026-03-15T08:51:39,27.454583333333332,19,Road running,5.06089990234375,362,151,173,50.3842,-1.0,54.9,5.7123663888888885
2026-03-17,2026-03-17T18:13:45,107.79835,186,Ultimate,3.450800048828125,1229,144,193,178.119,-1.0,,43.669505
2026-03-19,2026-03-19T18:14:41,114.41081666666666,186,Ultimate,4.7012001953125,1155,135,198,154.104,-1.0,457.6,31.80687777777778
2026-03-20,2026-03-20T18:42:04,62.900416666666665,36,Mountain biking,2.09539990234375,404,97,118,25.5437,-1.0,,2.2973675
2026-03-23,2026-03-23T22:42:38,58.07123333333333,38,Road cycling,8.7927998046875,419,109,143,37.6863,-1.0,174.2,4.143754444444444
